[debug] [2026-09-01T01:22:47.877Z] [Firebase Plugin] Activating Firebase extension.
[debug] [2026-09-01T01:22:50.083Z] [Firebase Plugin] requireAuthWrapper
[debug] [2026-09-01T01:22:50.085Z] > command requires scopes: ["email","openid","https://www.googleapis.com/auth/cloudplatformprojects.readonly","https://www.googleapis.com/auth/firebase","https://www.googleapis.com/auth/cloud-platform"]
[debug] [2026-09-01T01:22:50.109Z] [Firebase Plugin] VSCode notification server listening on port 40003
[error] [Firebase Plugin] requireAuth error: Could not load the default credentials. Browse to https://cloud.google.com/docs/authentication/getting-started for more information.
[info] [Firebase Plugin] Starting SQL Connect toolkit (version 3.4.16) on port 50003
[debug] [2026-09-01T01:22:51.093Z] 'fdc build' failed with error: Unable to build your SQL Connect schema and connectors (exit code 1): E0901 01:22:51.092100   18212 cmd.go:43] Error loading data connect config: could not find dataconnect.yaml in `/workspaces/LogiFlow/dataconnect`
 {"metadata":{"emulator":{"name":"dataconnect"},"message":"'fdc build' failed with error: Unable to build your SQL Connect schema and connectors (exit code 1): E0901 01:22:51.092100   18212 cmd.go:43] Error loading data connect config: could not find dataconnect.yaml in `/workspaces/LogiFlow/dataconnect`\n"}}
[debug] [2026-09-01T01:22:51.094Z] Ignoring unsupported arg: auto_download {"metadata":{"emulator":{"name":"dataconnect"},"message":"Ignoring unsupported arg: auto_download"}}
[debug] [2026-09-01T01:22:51.095Z] Ignoring unsupported arg: port {"metadata":{"emulator":{"name":"dataconnect"},"message":"Ignoring unsupported arg: port"}}
[debug] [2026-09-01T01:22:51.095Z] Starting SQL Connect Emulator with command {"binary":"/home/vscode/.cache/firebase/emulators/dataconnect-emulator-3.4.16","args":["--logtostderr","-v=2","dev","--listen=localhost:50003","--config_dir=/workspaces/LogiFlow/dataconnect","--enable_output_schema_extensions=true","--enable_output_generated_sdk=true"],"optionalArgs":["listen","config_dir","enable_output_schema_extensions","enable_output_generated_sdk"],"joinArgs":true,"shell":false,"port":9399} {"metadata":{"emulator":{"name":"dataconnect"},"message":"Starting SQL Connect Emulator with command {\"binary\":\"/home/vscode/.cache/firebase/emulators/dataconnect-emulator-3.4.16\",\"args\":[\"--logtostderr\",\"-v=2\",\"dev\",\"--listen=localhost:50003\",\"--config_dir=/workspaces/LogiFlow/dataconnect\",\"--enable_output_schema_extensions=true\",\"--enable_output_generated_sdk=true\"],\"optionalArgs\":[\"listen\",\"config_dir\",\"enable_output_schema_extensions\",\"enable_output_generated_sdk\"],\"joinArgs\":true,\"shell\":false,\"port\":9399}"}}
[info] i  dataconnect: SQL Connect Emulator logging to dataconnect-debug.log {"metadata":{"emulator":{"name":"dataconnect"},"message":"SQL Connect Emulator logging to dataconnect-debug.log"}}
[debug] [2026-09-01T01:22:51.194Z] E0901 01:22:51.138077   18219 dev.go:80] Failed to load initial config from "/workspaces/LogiFlow/dataconnect": could not find dataconnect.yaml in `/workspaces/LogiFlow/dataconnect`
E0901 01:22:51.138689   18219 watch.go:116] watchAllDir unable to walk dir `/workspaces/LogiFlow/dataconnect`: lstat /workspaces/LogiFlow/dataconnect: no such file or directory
I0901 01:22:51.139572   18219 dev.go:101] Listening on address (HTTP + gRPC): 127.0.0.1:50003
 {"metadata":{"emulator":{"name":"dataconnect"},"message":"E0901 01:22:51.138077   18219 dev.go:80] Failed to load initial config from \"/workspaces/LogiFlow/dataconnect\": could not find dataconnect.yaml in `/workspaces/LogiFlow/dataconnect`\nE0901 01:22:51.138689   18219 watch.go:116] watchAllDir unable to walk dir `/workspaces/LogiFlow/dataconnect`: lstat /workspaces/LogiFlow/dataconnect: no such file or directory\nI0901 01:22:51.139572   18219 dev.go:101] Listening on address (HTTP + gRPC): 127.0.0.1:50003\n"}}
[error] [Firebase Plugin] error:  {}
[debug] [2026-09-01T01:23:01.146Z] E0901 01:23:01.146517   18219 watch.go:40] Failed to load config from "/workspaces/LogiFlow/dataconnect": could not find dataconnect.yaml in `/workspaces/LogiFlow/dataconnect`
 {"metadata":{"emulator":{"name":"dataconnect"},"message":"E0901 01:23:01.146517   18219 watch.go:40] Failed to load config from \"/workspaces/LogiFlow/dataconnect\": could not find dataconnect.yaml in `/workspaces/LogiFlow/dataconnect`\n"}}
[debug] [2026-09-01T01:23:11.148Z] E0901 01:23:11.148572   18219 watch.go:40] Failed to load config from "/workspaces/LogiFlow/dataconnect": could not find dataconnect.yaml in `/workspaces/LogiFlow/dataconnect`
 {"metadata":{"emulator":{"name":"dataconnect"},"message":"E0901 01:23:11.148572   18219 watch.go:40] Failed to load config from \"/workspaces/LogiFlow/dataconnect\": could not find dataconnect.yaml in `/workspaces/LogiFlow/dataconnect`\n"}}
[debug] [2026-09-01T01:23:21.140Z] E0901 01:23:21.139788   18219 watch.go:40] Failed to load config from "/workspaces/LogiFlow/dataconnect": could not find dataconnect.yaml in `/workspaces/LogiFlow/dataconnect`
 {"metadata":{"emulator":{"name":"dataconnect"},"message":"E0901 01:23:21.139788   18219 watch.go:40] Failed to load config from \"/workspaces/LogiFlow/dataconnect\": could not find dataconnect.yaml in `/workspaces/LogiFlow/dataconnect`\n"}}
[debug] [2026-09-01T01:23:31.139Z] E0901 01:23:31.138944   18219 watch.go:40] Failed to load config from "/workspaces/LogiFlow/dataconnect": could not find dataconnect.yaml in `/workspaces/LogiFlow/dataconnect`
 {"metadata":{"emulator":{"name":"dataconnect"},"message":"E0901 01:23:31.138944   18219 watch.go:40] Failed to load config from \"/workspaces/LogiFlow/dataconnect\": could not find dataconnect.yaml in `/workspaces/LogiFlow/dataconnect`\n"}}
[debug] [2026-09-01T01:23:41.148Z] E0901 01:23:41.148023   18219 watch.go:40] Failed to load config from "/workspaces/LogiFlow/dataconnect": could not find dataconnect.yaml in `/workspaces/LogiFlow/dataconnect`
 {"metadata":{"emulator":{"name":"dataconnect"},"message":"E0901 01:23:41.148023   18219 watch.go:40] Failed to load config from \"/workspaces/LogiFlow/dataconnect\": could not find dataconnect.yaml in `/workspaces/LogiFlow/dataconnect`\n"}}
[debug] [2026-09-01T01:23:51.139Z] E0901 01:23:51.139379   18219 watch.go:116] watchAllDir unable to walk dir `/workspaces/LogiFlow/dataconnect`: lstat /workspaces/LogiFlow/dataconnect: no such file or directory
E0901 01:23:51.139439   18219 watch.go:40] Failed to load config from "/workspaces/LogiFlow/dataconnect": could not find dataconnect.yaml in `/workspaces/LogiFlow/dataconnect`
 {"metadata":{"emulator":{"name":"dataconnect"},"message":"E0901 01:23:51.139379   18219 watch.go:116] watchAllDir unable to walk dir `/workspaces/LogiFlow/dataconnect`: lstat /workspaces/LogiFlow/dataconnect: no such file or directory\nE0901 01:23:51.139439   18219 watch.go:40] Failed to load config from \"/workspaces/LogiFlow/dataconnect\": could not find dataconnect.yaml in `/workspaces/LogiFlow/dataconnect`\n"}}
[debug] [2026-09-01T01:24:01.343Z] E0901 01:24:01.148077   18219 watch.go:40] Failed to load config from "/workspaces/LogiFlow/dataconnect": could not find dataconnect.yaml in `/workspaces/LogiFlow/dataconnect`
 {"metadata":{"emulator":{"name":"dataconnect"},"message":"E0901 01:24:01.148077   18219 watch.go:40] Failed to load config from \"/workspaces/LogiFlow/dataconnect\": could not find dataconnect.yaml in `/workspaces/LogiFlow/dataconnect`\n"}}
[debug] [2026-09-01T01:24:11.144Z] E0901 01:24:11.144085   18219 watch.go:40] Failed to load config from "/workspaces/LogiFlow/dataconnect": could not find dataconnect.yaml in `/workspaces/LogiFlow/dataconnect`
 {"metadata":{"emulator":{"name":"dataconnect"},"message":"E0901 01:24:11.144085   18219 watch.go:40] Failed to load config from \"/workspaces/LogiFlow/dataconnect\": could not find dataconnect.yaml in `/workspaces/LogiFlow/dataconnect`\n"}}
[debug] [2026-09-01T01:24:21.139Z] E0901 01:24:21.139181   18219 watch.go:40] Failed to load config from "/workspaces/LogiFlow/dataconnect": could not find dataconnect.yaml in `/workspaces/LogiFlow/dataconnect`
 {"metadata":{"emulator":{"name":"dataconnect"},"message":"E0901 01:24:21.139181   18219 watch.go:40] Failed to load config from \"/workspaces/LogiFlow/dataconnect\": could not find dataconnect.yaml in `/workspaces/LogiFlow/dataconnect`\n"}}
[debug] [2026-09-01T01:24:31.144Z] E0901 01:24:31.143315   18219 watch.go:40] Failed to load config from "/workspaces/LogiFlow/dataconnect": could not find dataconnect.yaml in `/workspaces/LogiFlow/dataconnect`
 {"metadata":{"emulator":{"name":"dataconnect"},"message":"E0901 01:24:31.143315   18219 watch.go:40] Failed to load config from \"/workspaces/LogiFlow/dataconnect\": could not find dataconnect.yaml in `/workspaces/LogiFlow/dataconnect`\n"}}
[debug] [2026-09-01T01:24:41.148Z] E0901 01:24:41.148372   18219 watch.go:40] Failed to load config from "/workspaces/LogiFlow/dataconnect": could not find dataconnect.yaml in `/workspaces/LogiFlow/dataconnect`
 {"metadata":{"emulator":{"name":"dataconnect"},"message":"E0901 01:24:41.148372   18219 watch.go:40] Failed to load config from \"/workspaces/LogiFlow/dataconnect\": could not find dataconnect.yaml in `/workspaces/LogiFlow/dataconnect`\n"}}
[debug] [2026-09-01T01:24:51.139Z] E0901 01:24:51.139615   18219 watch.go:116] watchAllDir unable to walk dir `/workspaces/LogiFlow/dataconnect`: lstat /workspaces/LogiFlow/dataconnect: no such file or directory
E0901 01:24:51.139643   18219 watch.go:40] Failed to load config from "/workspaces/LogiFlow/dataconnect": could not find dataconnect.yaml in `/workspaces/LogiFlow/dataconnect`
 {"metadata":{"emulator":{"name":"dataconnect"},"message":"E0901 01:24:51.139615   18219 watch.go:116] watchAllDir unable to walk dir `/workspaces/LogiFlow/dataconnect`: lstat /workspaces/LogiFlow/dataconnect: no such file or directory\nE0901 01:24:51.139643   18219 watch.go:40] Failed to load config from \"/workspaces/LogiFlow/dataconnect\": could not find dataconnect.yaml in `/workspaces/LogiFlow/dataconnect`\n"}}
[debug] [2026-09-01T01:25:01.139Z] E0901 01:25:01.139235   18219 watch.go:40] Failed to load config from "/workspaces/LogiFlow/dataconnect": could not find dataconnect.yaml in `/workspaces/LogiFlow/dataconnect`
 {"metadata":{"emulator":{"name":"dataconnect"},"message":"E0901 01:25:01.139235   18219 watch.go:40] Failed to load config from \"/workspaces/LogiFlow/dataconnect\": could not find dataconnect.yaml in `/workspaces/LogiFlow/dataconnect`\n"}}
[debug] [2026-09-01T01:25:11.139Z] E0901 01:25:11.138999   18219 watch.go:40] Failed to load config from "/workspaces/LogiFlow/dataconnect": could not find dataconnect.yaml in `/workspaces/LogiFlow/dataconnect`
 {"metadata":{"emulator":{"name":"dataconnect"},"message":"E0901 01:25:11.138999   18219 watch.go:40] Failed to load config from \"/workspaces/LogiFlow/dataconnect\": could not find dataconnect.yaml in `/workspaces/LogiFlow/dataconnect`\n"}}
[debug] [2026-09-01T01:25:21.139Z] E0901 01:25:21.139242   18219 watch.go:40] Failed to load config from "/workspaces/LogiFlow/dataconnect": could not find dataconnect.yaml in `/workspaces/LogiFlow/dataconnect`
 {"metadata":{"emulator":{"name":"dataconnect"},"message":"E0901 01:25:21.139242   18219 watch.go:40] Failed to load config from \"/workspaces/LogiFlow/dataconnect\": could not find dataconnect.yaml in `/workspaces/LogiFlow/dataconnect`\n"}}
[debug] [2026-09-01T01:25:31.139Z] E0901 01:25:31.139017   18219 watch.go:40] Failed to load config from "/workspaces/LogiFlow/dataconnect": could not find dataconnect.yaml in `/workspaces/LogiFlow/dataconnect`
 {"metadata":{"emulator":{"name":"dataconnect"},"message":"E0901 01:25:31.139017   18219 watch.go:40] Failed to load config from \"/workspaces/LogiFlow/dataconnect\": could not find dataconnect.yaml in `/workspaces/LogiFlow/dataconnect`\n"}}
[debug] [2026-09-01T01:25:41.150Z] E0901 01:25:41.147359   18219 watch.go:40] Failed to load config from "/workspaces/LogiFlow/dataconnect": could not find dataconnect.yaml in `/workspaces/LogiFlow/dataconnect`
 {"metadata":{"emulator":{"name":"dataconnect"},"message":"E0901 01:25:41.147359   18219 watch.go:40] Failed to load config from \"/workspaces/LogiFlow/dataconnect\": could not find dataconnect.yaml in `/workspaces/LogiFlow/dataconnect`\n"}}
[debug] [2026-09-01T01:25:51.139Z] E0901 01:25:51.139315   18219 watch.go:116] watchAllDir unable to walk dir `/workspaces/LogiFlow/dataconnect`: lstat /workspaces/LogiFlow/dataconnect: no such file or directory
E0901 01:25:51.139374   18219 watch.go:40] Failed to load config from "/workspaces/LogiFlow/dataconnect": could not find dataconnect.yaml in `/workspaces/LogiFlow/dataconnect`
 {"metadata":{"emulator":{"name":"dataconnect"},"message":"E0901 01:25:51.139315   18219 watch.go:116] watchAllDir unable to walk dir `/workspaces/LogiFlow/dataconnect`: lstat /workspaces/LogiFlow/dataconnect: no such file or directory\nE0901 01:25:51.139374   18219 watch.go:40] Failed to load config from \"/workspaces/LogiFlow/dataconnect\": could not find dataconnect.yaml in `/workspaces/LogiFlow/dataconnect`\n"}}
[debug] [2026-09-01T01:26:01.139Z] E0901 01:26:01.139005   18219 watch.go:40] Failed to load config from "/workspaces/LogiFlow/dataconnect": could not find dataconnect.yaml in `/workspaces/LogiFlow/dataconnect`
 {"metadata":{"emulator":{"name":"dataconnect"},"message":"E0901 01:26:01.139005   18219 watch.go:40] Failed to load config from \"/workspaces/LogiFlow/dataconnect\": could not find dataconnect.yaml in `/workspaces/LogiFlow/dataconnect`\n"}}
[debug] [2026-09-01T01:26:11.148Z] E0901 01:26:11.148081   18219 watch.go:40] Failed to load config from "/workspaces/LogiFlow/dataconnect": could not find dataconnect.yaml in `/workspaces/LogiFlow/dataconnect`
 {"metadata":{"emulator":{"name":"dataconnect"},"message":"E0901 01:26:11.148081   18219 watch.go:40] Failed to load config from \"/workspaces/LogiFlow/dataconnect\": could not find dataconnect.yaml in `/workspaces/LogiFlow/dataconnect`\n"}}
[debug] [2026-09-01T01:26:21.139Z] E0901 01:26:21.139363   18219 watch.go:40] Failed to load config from "/workspaces/LogiFlow/dataconnect": could not find dataconnect.yaml in `/workspaces/LogiFlow/dataconnect`
 {"metadata":{"emulator":{"name":"dataconnect"},"message":"E0901 01:26:21.139363   18219 watch.go:40] Failed to load config from \"/workspaces/LogiFlow/dataconnect\": could not find dataconnect.yaml in `/workspaces/LogiFlow/dataconnect`\n"}}
[debug] [2026-09-01T01:26:31.148Z] E0901 01:26:31.148047   18219 watch.go:40] Failed to load config from "/workspaces/LogiFlow/dataconnect": could not find dataconnect.yaml in `/workspaces/LogiFlow/dataconnect`
 {"metadata":{"emulator":{"name":"dataconnect"},"message":"E0901 01:26:31.148047   18219 watch.go:40] Failed to load config from \"/workspaces/LogiFlow/dataconnect\": could not find dataconnect.yaml in `/workspaces/LogiFlow/dataconnect`\n"}}
[debug] [2026-09-01T01:26:41.139Z] E0901 01:26:41.138944   18219 watch.go:40] Failed to load config from "/workspaces/LogiFlow/dataconnect": could not find dataconnect.yaml in `/workspaces/LogiFlow/dataconnect`
 {"metadata":{"emulator":{"name":"dataconnect"},"message":"E0901 01:26:41.138944   18219 watch.go:40] Failed to load config from \"/workspaces/LogiFlow/dataconnect\": could not find dataconnect.yaml in `/workspaces/LogiFlow/dataconnect`\n"}}
[debug] [2026-09-01T01:26:51.139Z] E0901 01:26:51.139197   18219 watch.go:116] watchAllDir unable to walk dir `/workspaces/LogiFlow/dataconnect`: lstat /workspaces/LogiFlow/dataconnect: no such file or directory
E0901 01:26:51.139263   18219 watch.go:40] Failed to load config from "/workspaces/LogiFlow/dataconnect": could not find dataconnect.yaml in `/workspaces/LogiFlow/dataconnect`
 {"metadata":{"emulator":{"name":"dataconnect"},"message":"E0901 01:26:51.139197   18219 watch.go:116] watchAllDir unable to walk dir `/workspaces/LogiFlow/dataconnect`: lstat /workspaces/LogiFlow/dataconnect: no such file or directory\nE0901 01:26:51.139263   18219 watch.go:40] Failed to load config from \"/workspaces/LogiFlow/dataconnect\": could not find dataconnect.yaml in `/workspaces/LogiFlow/dataconnect`\n"}}
[debug] [2026-09-01T01:27:01.148Z] E0901 01:27:01.148413   18219 watch.go:40] Failed to load config from "/workspaces/LogiFlow/dataconnect": could not find dataconnect.yaml in `/workspaces/LogiFlow/dataconnect`
 {"metadata":{"emulator":{"name":"dataconnect"},"message":"E0901 01:27:01.148413   18219 watch.go:40] Failed to load config from \"/workspaces/LogiFlow/dataconnect\": could not find dataconnect.yaml in `/workspaces/LogiFlow/dataconnect`\n"}}
[debug] [2026-09-01T01:27:11.139Z] E0901 01:27:11.139186   18219 watch.go:40] Failed to load config from "/workspaces/LogiFlow/dataconnect": could not find dataconnect.yaml in `/workspaces/LogiFlow/dataconnect`
 {"metadata":{"emulator":{"name":"dataconnect"},"message":"E0901 01:27:11.139186   18219 watch.go:40] Failed to load config from \"/workspaces/LogiFlow/dataconnect\": could not find dataconnect.yaml in `/workspaces/LogiFlow/dataconnect`\n"}}
[debug] [2026-09-01T01:27:21.139Z] E0901 01:27:21.139613   18219 watch.go:40] Failed to load config from "/workspaces/LogiFlow/dataconnect": could not find dataconnect.yaml in `/workspaces/LogiFlow/dataconnect`
 {"metadata":{"emulator":{"name":"dataconnect"},"message":"E0901 01:27:21.139613   18219 watch.go:40] Failed to load config from \"/workspaces/LogiFlow/dataconnect\": could not find dataconnect.yaml in `/workspaces/LogiFlow/dataconnect`\n"}}
[debug] [2026-09-01T01:27:31.147Z] E0901 01:27:31.147067   18219 watch.go:40] Failed to load config from "/workspaces/LogiFlow/dataconnect": could not find dataconnect.yaml in `/workspaces/LogiFlow/dataconnect`
 {"metadata":{"emulator":{"name":"dataconnect"},"message":"E0901 01:27:31.147067   18219 watch.go:40] Failed to load config from \"/workspaces/LogiFlow/dataconnect\": could not find dataconnect.yaml in `/workspaces/LogiFlow/dataconnect`\n"}}
[debug] [2026-09-01T01:27:41.144Z] E0901 01:27:41.144095   18219 watch.go:40] Failed to load config from "/workspaces/LogiFlow/dataconnect": could not find dataconnect.yaml in `/workspaces/LogiFlow/dataconnect`
 {"metadata":{"emulator":{"name":"dataconnect"},"message":"E0901 01:27:41.144095   18219 watch.go:40] Failed to load config from \"/workspaces/LogiFlow/dataconnect\": could not find dataconnect.yaml in `/workspaces/LogiFlow/dataconnect`\n"}}
[debug] [2026-09-01T01:27:51.139Z] E0901 01:27:51.139259   18219 watch.go:116] watchAllDir unable to walk dir `/workspaces/LogiFlow/dataconnect`: lstat /workspaces/LogiFlow/dataconnect: no such file or directory
E0901 01:27:51.139346   18219 watch.go:40] Failed to load config from "/workspaces/LogiFlow/dataconnect": could not find dataconnect.yaml in `/workspaces/LogiFlow/dataconnect`
 {"metadata":{"emulator":{"name":"dataconnect"},"message":"E0901 01:27:51.139259   18219 watch.go:116] watchAllDir unable to walk dir `/workspaces/LogiFlow/dataconnect`: lstat /workspaces/LogiFlow/dataconnect: no such file or directory\nE0901 01:27:51.139346   18219 watch.go:40] Failed to load config from \"/workspaces/LogiFlow/dataconnect\": could not find dataconnect.yaml in `/workspaces/LogiFlow/dataconnect`\n"}}
[debug] [2026-09-01T01:28:01.139Z] E0901 01:28:01.139006   18219 watch.go:40] Failed to load config from "/workspaces/LogiFlow/dataconnect": could not find dataconnect.yaml in `/workspaces/LogiFlow/dataconnect`
 {"metadata":{"emulator":{"name":"dataconnect"},"message":"E0901 01:28:01.139006   18219 watch.go:40] Failed to load config from \"/workspaces/LogiFlow/dataconnect\": could not find dataconnect.yaml in `/workspaces/LogiFlow/dataconnect`\n"}}
[debug] [2026-09-01T01:28:11.148Z] E0901 01:28:11.148120   18219 watch.go:40] Failed to load config from "/workspaces/LogiFlow/dataconnect": could not find dataconnect.yaml in `/workspaces/LogiFlow/dataconnect`
 {"metadata":{"emulator":{"name":"dataconnect"},"message":"E0901 01:28:11.148120   18219 watch.go:40] Failed to load config from \"/workspaces/LogiFlow/dataconnect\": could not find dataconnect.yaml in `/workspaces/LogiFlow/dataconnect`\n"}}
[debug] [2026-09-01T01:28:21.139Z] E0901 01:28:21.139324   18219 watch.go:40] Failed to load config from "/workspaces/LogiFlow/dataconnect": could not find dataconnect.yaml in `/workspaces/LogiFlow/dataconnect`
 {"metadata":{"emulator":{"name":"dataconnect"},"message":"E0901 01:28:21.139324   18219 watch.go:40] Failed to load config from \"/workspaces/LogiFlow/dataconnect\": could not find dataconnect.yaml in `/workspaces/LogiFlow/dataconnect`\n"}}
[debug] [2026-09-01T01:28:31.139Z] E0901 01:28:31.139040   18219 watch.go:40] Failed to load config from "/workspaces/LogiFlow/dataconnect": could not find dataconnect.yaml in `/workspaces/LogiFlow/dataconnect`
 {"metadata":{"emulator":{"name":"dataconnect"},"message":"E0901 01:28:31.139040   18219 watch.go:40] Failed to load config from \"/workspaces/LogiFlow/dataconnect\": could not find dataconnect.yaml in `/workspaces/LogiFlow/dataconnect`\n"}}
[debug] [2026-09-01T01:28:41.148Z] E0901 01:28:41.148113   18219 watch.go:40] Failed to load config from "/workspaces/LogiFlow/dataconnect": could not find dataconnect.yaml in `/workspaces/LogiFlow/dataconnect`
 {"metadata":{"emulator":{"name":"dataconnect"},"message":"E0901 01:28:41.148113   18219 watch.go:40] Failed to load config from \"/workspaces/LogiFlow/dataconnect\": could not find dataconnect.yaml in `/workspaces/LogiFlow/dataconnect`\n"}}
[debug] [2026-09-01T01:28:51.139Z] E0901 01:28:51.139384   18219 watch.go:116] watchAllDir unable to walk dir `/workspaces/LogiFlow/dataconnect`: lstat /workspaces/LogiFlow/dataconnect: no such file or directory
E0901 01:28:51.139409   18219 watch.go:40] Failed to load config from "/workspaces/LogiFlow/dataconnect": could not find dataconnect.yaml in `/workspaces/LogiFlow/dataconnect`
 {"metadata":{"emulator":{"name":"dataconnect"},"message":"E0901 01:28:51.139384   18219 watch.go:116] watchAllDir unable to walk dir `/workspaces/LogiFlow/dataconnect`: lstat /workspaces/LogiFlow/dataconnect: no such file or directory\nE0901 01:28:51.139409   18219 watch.go:40] Failed to load config from \"/workspaces/LogiFlow/dataconnect\": could not find dataconnect.yaml in `/workspaces/LogiFlow/dataconnect`\n"}}
[debug] [2026-09-01T01:29:01.143Z] E0901 01:29:01.143206   18219 watch.go:40] Failed to load config from "/workspaces/LogiFlow/dataconnect": could not find dataconnect.yaml in `/workspaces/LogiFlow/dataconnect`
 {"metadata":{"emulator":{"name":"dataconnect"},"message":"E0901 01:29:01.143206   18219 watch.go:40] Failed to load config from \"/workspaces/LogiFlow/dataconnect\": could not find dataconnect.yaml in `/workspaces/LogiFlow/dataconnect`\n"}}
[debug] [2026-09-01T01:29:11.139Z] E0901 01:29:11.139009   18219 watch.go:40] Failed to load config from "/workspaces/LogiFlow/dataconnect": could not find dataconnect.yaml in `/workspaces/LogiFlow/dataconnect`
 {"metadata":{"emulator":{"name":"dataconnect"},"message":"E0901 01:29:11.139009   18219 watch.go:40] Failed to load config from \"/workspaces/LogiFlow/dataconnect\": could not find dataconnect.yaml in `/workspaces/LogiFlow/dataconnect`\n"}}
[debug] [2026-09-01T01:29:21.139Z] E0901 01:29:21.138938   18219 watch.go:40] Failed to load config from "/workspaces/LogiFlow/dataconnect": could not find dataconnect.yaml in `/workspaces/LogiFlow/dataconnect`
 {"metadata":{"emulator":{"name":"dataconnect"},"message":"E0901 01:29:21.138938   18219 watch.go:40] Failed to load config from \"/workspaces/LogiFlow/dataconnect\": could not find dataconnect.yaml in `/workspaces/LogiFlow/dataconnect`\n"}}
[debug] [2026-09-01T01:29:31.148Z] E0901 01:29:31.148254   18219 watch.go:40] Failed to load config from "/workspaces/LogiFlow/dataconnect": could not find dataconnect.yaml in `/workspaces/LogiFlow/dataconnect`
 {"metadata":{"emulator":{"name":"dataconnect"},"message":"E0901 01:29:31.148254   18219 watch.go:40] Failed to load config from \"/workspaces/LogiFlow/dataconnect\": could not find dataconnect.yaml in `/workspaces/LogiFlow/dataconnect`\n"}}
[debug] [2026-09-01T01:29:41.147Z] E0901 01:29:41.147333   18219 watch.go:40] Failed to load config from "/workspaces/LogiFlow/dataconnect": could not find dataconnect.yaml in `/workspaces/LogiFlow/dataconnect`
 {"metadata":{"emulator":{"name":"dataconnect"},"message":"E0901 01:29:41.147333   18219 watch.go:40] Failed to load config from \"/workspaces/LogiFlow/dataconnect\": could not find dataconnect.yaml in `/workspaces/LogiFlow/dataconnect`\n"}}
[debug] [2026-09-01T01:29:51.139Z] E0901 01:29:51.139536   18219 watch.go:116] watchAllDir unable to walk dir `/workspaces/LogiFlow/dataconnect`: lstat /workspaces/LogiFlow/dataconnect: no such file or directory
 {"metadata":{"emulator":{"name":"dataconnect"},"message":"E0901 01:29:51.139536   18219 watch.go:116] watchAllDir unable to walk dir `/workspaces/LogiFlow/dataconnect`: lstat /workspaces/LogiFlow/dataconnect: no such file or directory\n"}}
[debug] [2026-09-01T01:29:51.140Z] E0901 01:29:51.139632   18219 watch.go:40] Failed to load config from "/workspaces/LogiFlow/dataconnect": could not find dataconnect.yaml in `/workspaces/LogiFlow/dataconnect`
 {"metadata":{"emulator":{"name":"dataconnect"},"message":"E0901 01:29:51.139632   18219 watch.go:40] Failed to load config from \"/workspaces/LogiFlow/dataconnect\": could not find dataconnect.yaml in `/workspaces/LogiFlow/dataconnect`\n"}}
[debug] [2026-09-01T01:30:01.148Z] E0901 01:30:01.148732   18219 watch.go:40] Failed to load config from "/workspaces/LogiFlow/dataconnect": could not find dataconnect.yaml in `/workspaces/LogiFlow/dataconnect`
 {"metadata":{"emulator":{"name":"dataconnect"},"message":"E0901 01:30:01.148732   18219 watch.go:40] Failed to load config from \"/workspaces/LogiFlow/dataconnect\": could not find dataconnect.yaml in `/workspaces/LogiFlow/dataconnect`\n"}}
[debug] [2026-09-01T01:30:11.149Z] E0901 01:30:11.148842   18219 watch.go:40] Failed to load config from "/workspaces/LogiFlow/dataconnect": could not find dataconnect.yaml in `/workspaces/LogiFlow/dataconnect`
 {"metadata":{"emulator":{"name":"dataconnect"},"message":"E0901 01:30:11.148842   18219 watch.go:40] Failed to load config from \"/workspaces/LogiFlow/dataconnect\": could not find dataconnect.yaml in `/workspaces/LogiFlow/dataconnect`\n"}}
[debug] [2026-09-01T01:30:21.139Z] E0901 01:30:21.139155   18219 watch.go:40] Failed to load config from "/workspaces/LogiFlow/dataconnect": could not find dataconnect.yaml in `/workspaces/LogiFlow/dataconnect`
 {"metadata":{"emulator":{"name":"dataconnect"},"message":"E0901 01:30:21.139155   18219 watch.go:40] Failed to load config from \"/workspaces/LogiFlow/dataconnect\": could not find dataconnect.yaml in `/workspaces/LogiFlow/dataconnect`\n"}}
[debug] [2026-09-01T01:30:31.148Z] E0901 01:30:31.148258   18219 watch.go:40] Failed to load config from "/workspaces/LogiFlow/dataconnect": could not find dataconnect.yaml in `/workspaces/LogiFlow/dataconnect`
 {"metadata":{"emulator":{"name":"dataconnect"},"message":"E0901 01:30:31.148258   18219 watch.go:40] Failed to load config from \"/workspaces/LogiFlow/dataconnect\": could not find dataconnect.yaml in `/workspaces/LogiFlow/dataconnect`\n"}}
[debug] [2026-09-01T01:30:41.148Z] E0901 01:30:41.148094   18219 watch.go:40] Failed to load config from "/workspaces/LogiFlow/dataconnect": could not find dataconnect.yaml in `/workspaces/LogiFlow/dataconnect`
 {"metadata":{"emulator":{"name":"dataconnect"},"message":"E0901 01:30:41.148094   18219 watch.go:40] Failed to load config from \"/workspaces/LogiFlow/dataconnect\": could not find dataconnect.yaml in `/workspaces/LogiFlow/dataconnect`\n"}}
[debug] [2026-09-01T01:30:51.139Z] E0901 01:30:51.139191   18219 watch.go:116] watchAllDir unable to walk dir `/workspaces/LogiFlow/dataconnect`: lstat /workspaces/LogiFlow/dataconnect: no such file or directory
E0901 01:30:51.139255   18219 watch.go:40] Failed to load config from "/workspaces/LogiFlow/dataconnect": could not find dataconnect.yaml in `/workspaces/LogiFlow/dataconnect`
 {"metadata":{"emulator":{"name":"dataconnect"},"message":"E0901 01:30:51.139191   18219 watch.go:116] watchAllDir unable to walk dir `/workspaces/LogiFlow/dataconnect`: lstat /workspaces/LogiFlow/dataconnect: no such file or directory\nE0901 01:30:51.139255   18219 watch.go:40] Failed to load config from \"/workspaces/LogiFlow/dataconnect\": could not find dataconnect.yaml in `/workspaces/LogiFlow/dataconnect`\n"}}
[debug] [2026-09-01T01:31:01.139Z] E0901 01:31:01.139021   18219 watch.go:40] Failed to load config from "/workspaces/LogiFlow/dataconnect": could not find dataconnect.yaml in `/workspaces/LogiFlow/dataconnect`
 {"metadata":{"emulator":{"name":"dataconnect"},"message":"E0901 01:31:01.139021   18219 watch.go:40] Failed to load config from \"/workspaces/LogiFlow/dataconnect\": could not find dataconnect.yaml in `/workspaces/LogiFlow/dataconnect`\n"}}
[debug] [2026-09-01T01:31:11.139Z] E0901 01:31:11.139015   18219 watch.go:40] Failed to load config from "/workspaces/LogiFlow/dataconnect": could not find dataconnect.yaml in `/workspaces/LogiFlow/dataconnect`
 {"metadata":{"emulator":{"name":"dataconnect"},"message":"E0901 01:31:11.139015   18219 watch.go:40] Failed to load config from \"/workspaces/LogiFlow/dataconnect\": could not find dataconnect.yaml in `/workspaces/LogiFlow/dataconnect`\n"}}
[debug] [2026-09-01T01:31:21.139Z] E0901 01:31:21.139217   18219 watch.go:40] Failed to load config from "/workspaces/LogiFlow/dataconnect": could not find dataconnect.yaml in `/workspaces/LogiFlow/dataconnect`
 {"metadata":{"emulator":{"name":"dataconnect"},"message":"E0901 01:31:21.139217   18219 watch.go:40] Failed to load config from \"/workspaces/LogiFlow/dataconnect\": could not find dataconnect.yaml in `/workspaces/LogiFlow/dataconnect`\n"}}
[debug] [2026-09-01T01:31:31.145Z] E0901 01:31:31.139009   18219 watch.go:40] Failed to load config from "/workspaces/LogiFlow/dataconnect": could not find dataconnect.yaml in `/workspaces/LogiFlow/dataconnect`
 {"metadata":{"emulator":{"name":"dataconnect"},"message":"E0901 01:31:31.139009   18219 watch.go:40] Failed to load config from \"/workspaces/LogiFlow/dataconnect\": could not find dataconnect.yaml in `/workspaces/LogiFlow/dataconnect`\n"}}
[debug] [2026-09-01T01:31:41.148Z] E0901 01:31:41.148081   18219 watch.go:40] Failed to load config from "/workspaces/LogiFlow/dataconnect": could not find dataconnect.yaml in `/workspaces/LogiFlow/dataconnect`
 {"metadata":{"emulator":{"name":"dataconnect"},"message":"E0901 01:31:41.148081   18219 watch.go:40] Failed to load config from \"/workspaces/LogiFlow/dataconnect\": could not find dataconnect.yaml in `/workspaces/LogiFlow/dataconnect`\n"}}
[debug] [2026-09-01T01:31:51.139Z] E0901 01:31:51.139349   18219 watch.go:116] watchAllDir unable to walk dir `/workspaces/LogiFlow/dataconnect`: lstat /workspaces/LogiFlow/dataconnect: no such file or directory
E0901 01:31:51.139432   18219 watch.go:40] Failed to load config from "/workspaces/LogiFlow/dataconnect": could not find dataconnect.yaml in `/workspaces/LogiFlow/dataconnect`
 {"metadata":{"emulator":{"name":"dataconnect"},"message":"E0901 01:31:51.139349   18219 watch.go:116] watchAllDir unable to walk dir `/workspaces/LogiFlow/dataconnect`: lstat /workspaces/LogiFlow/dataconnect: no such file or directory\nE0901 01:31:51.139432   18219 watch.go:40] Failed to load config from \"/workspaces/LogiFlow/dataconnect\": could not find dataconnect.yaml in `/workspaces/LogiFlow/dataconnect`\n"}}
[debug] [2026-09-01T01:32:01.140Z] E0901 01:32:01.139906   18219 watch.go:40] Failed to load config from "/workspaces/LogiFlow/dataconnect": could not find dataconnect.yaml in `/workspaces/LogiFlow/dataconnect`
 {"metadata":{"emulator":{"name":"dataconnect"},"message":"E0901 01:32:01.139906   18219 watch.go:40] Failed to load config from \"/workspaces/LogiFlow/dataconnect\": could not find dataconnect.yaml in `/workspaces/LogiFlow/dataconnect`\n"}}
[debug] [2026-09-01T01:32:11.139Z] E0901 01:32:11.139009   18219 watch.go:40] Failed to load config from "/workspaces/LogiFlow/dataconnect": could not find dataconnect.yaml in `/workspaces/LogiFlow/dataconnect`
 {"metadata":{"emulator":{"name":"dataconnect"},"message":"E0901 01:32:11.139009   18219 watch.go:40] Failed to load config from \"/workspaces/LogiFlow/dataconnect\": could not find dataconnect.yaml in `/workspaces/LogiFlow/dataconnect`\n"}}
[debug] [2026-09-01T01:32:21.139Z] E0901 01:32:21.139381   18219 watch.go:40] Failed to load config from "/workspaces/LogiFlow/dataconnect": could not find dataconnect.yaml in `/workspaces/LogiFlow/dataconnect`
 {"metadata":{"emulator":{"name":"dataconnect"},"message":"E0901 01:32:21.139381   18219 watch.go:40] Failed to load config from \"/workspaces/LogiFlow/dataconnect\": could not find dataconnect.yaml in `/workspaces/LogiFlow/dataconnect`\n"}}
[debug] [2026-09-01T01:32:31.148Z] E0901 01:32:31.148456   18219 watch.go:40] Failed to load config from "/workspaces/LogiFlow/dataconnect": could not find dataconnect.yaml in `/workspaces/LogiFlow/dataconnect`
 {"metadata":{"emulator":{"name":"dataconnect"},"message":"E0901 01:32:31.148456   18219 watch.go:40] Failed to load config from \"/workspaces/LogiFlow/dataconnect\": could not find dataconnect.yaml in `/workspaces/LogiFlow/dataconnect`\n"}}
[debug] [2026-09-01T01:32:41.148Z] E0901 01:32:41.148534   18219 watch.go:40] Failed to load config from "/workspaces/LogiFlow/dataconnect": could not find dataconnect.yaml in `/workspaces/LogiFlow/dataconnect`
 {"metadata":{"emulator":{"name":"dataconnect"},"message":"E0901 01:32:41.148534   18219 watch.go:40] Failed to load config from \"/workspaces/LogiFlow/dataconnect\": could not find dataconnect.yaml in `/workspaces/LogiFlow/dataconnect`\n"}}
[debug] [2026-09-01T01:32:51.139Z] E0901 01:32:51.139168   18219 watch.go:116] watchAllDir unable to walk dir `/workspaces/LogiFlow/dataconnect`: lstat /workspaces/LogiFlow/dataconnect: no such file or directory
E0901 01:32:51.139238   18219 watch.go:40] Failed to load config from "/workspaces/LogiFlow/dataconnect": could not find dataconnect.yaml in `/workspaces/LogiFlow/dataconnect`
 {"metadata":{"emulator":{"name":"dataconnect"},"message":"E0901 01:32:51.139168   18219 watch.go:116] watchAllDir unable to walk dir `/workspaces/LogiFlow/dataconnect`: lstat /workspaces/LogiFlow/dataconnect: no such file or directory\nE0901 01:32:51.139238   18219 watch.go:40] Failed to load config from \"/workspaces/LogiFlow/dataconnect\": could not find dataconnect.yaml in `/workspaces/LogiFlow/dataconnect`\n"}}
[debug] [2026-09-01T01:33:01.143Z] E0901 01:33:01.143666   18219 watch.go:40] Failed to load config from "/workspaces/LogiFlow/dataconnect": could not find dataconnect.yaml in `/workspaces/LogiFlow/dataconnect`
 {"metadata":{"emulator":{"name":"dataconnect"},"message":"E0901 01:33:01.143666   18219 watch.go:40] Failed to load config from \"/workspaces/LogiFlow/dataconnect\": could not find dataconnect.yaml in `/workspaces/LogiFlow/dataconnect`\n"}}
[debug] [2026-09-01T01:33:11.148Z] E0901 01:33:11.148768   18219 watch.go:40] Failed to load config from "/workspaces/LogiFlow/dataconnect": could not find dataconnect.yaml in `/workspaces/LogiFlow/dataconnect`
 {"metadata":{"emulator":{"name":"dataconnect"},"message":"E0901 01:33:11.148768   18219 watch.go:40] Failed to load config from \"/workspaces/LogiFlow/dataconnect\": could not find dataconnect.yaml in `/workspaces/LogiFlow/dataconnect`\n"}}
[debug] [2026-09-01T01:33:21.139Z] E0901 01:33:21.139205   18219 watch.go:40] Failed to load config from "/workspaces/LogiFlow/dataconnect": could not find dataconnect.yaml in `/workspaces/LogiFlow/dataconnect`
 {"metadata":{"emulator":{"name":"dataconnect"},"message":"E0901 01:33:21.139205   18219 watch.go:40] Failed to load config from \"/workspaces/LogiFlow/dataconnect\": could not find dataconnect.yaml in `/workspaces/LogiFlow/dataconnect`\n"}}
[debug] [2026-09-01T01:33:31.139Z] E0901 01:33:31.139288   18219 watch.go:40] Failed to load config from "/workspaces/LogiFlow/dataconnect": could not find dataconnect.yaml in `/workspaces/LogiFlow/dataconnect`
 {"metadata":{"emulator":{"name":"dataconnect"},"message":"E0901 01:33:31.139288   18219 watch.go:40] Failed to load config from \"/workspaces/LogiFlow/dataconnect\": could not find dataconnect.yaml in `/workspaces/LogiFlow/dataconnect`\n"}}
[debug] [2026-09-01T01:33:41.139Z] E0901 01:33:41.139236   18219 watch.go:40] Failed to load config from "/workspaces/LogiFlow/dataconnect": could not find dataconnect.yaml in `/workspaces/LogiFlow/dataconnect`
 {"metadata":{"emulator":{"name":"dataconnect"},"message":"E0901 01:33:41.139236   18219 watch.go:40] Failed to load config from \"/workspaces/LogiFlow/dataconnect\": could not find dataconnect.yaml in `/workspaces/LogiFlow/dataconnect`\n"}}
[debug] [2026-09-01T01:33:51.139Z] E0901 01:33:51.139201   18219 watch.go:116] watchAllDir unable to walk dir `/workspaces/LogiFlow/dataconnect`: lstat /workspaces/LogiFlow/dataconnect: no such file or directory
E0901 01:33:51.139244   18219 watch.go:40] Failed to load config from "/workspaces/LogiFlow/dataconnect": could not find dataconnect.yaml in `/workspaces/LogiFlow/dataconnect`
 {"metadata":{"emulator":{"name":"dataconnect"},"message":"E0901 01:33:51.139201   18219 watch.go:116] watchAllDir unable to walk dir `/workspaces/LogiFlow/dataconnect`: lstat /workspaces/LogiFlow/dataconnect: no such file or directory\nE0901 01:33:51.139244   18219 watch.go:40] Failed to load config from \"/workspaces/LogiFlow/dataconnect\": could not find dataconnect.yaml in `/workspaces/LogiFlow/dataconnect`\n"}}
[debug] [2026-09-01T01:34:01.148Z] E0901 01:34:01.148448   18219 watch.go:40] Failed to load config from "/workspaces/LogiFlow/dataconnect": could not find dataconnect.yaml in `/workspaces/LogiFlow/dataconnect`
 {"metadata":{"emulator":{"name":"dataconnect"},"message":"E0901 01:34:01.148448   18219 watch.go:40] Failed to load config from \"/workspaces/LogiFlow/dataconnect\": could not find dataconnect.yaml in `/workspaces/LogiFlow/dataconnect`\n"}}
[debug] [2026-09-01T01:34:11.139Z] E0901 01:34:11.139622   18219 watch.go:40] Failed to load config from "/workspaces/LogiFlow/dataconnect": could not find dataconnect.yaml in `/workspaces/LogiFlow/dataconnect`
 {"metadata":{"emulator":{"name":"dataconnect"},"message":"E0901 01:34:11.139622   18219 watch.go:40] Failed to load config from \"/workspaces/LogiFlow/dataconnect\": could not find dataconnect.yaml in `/workspaces/LogiFlow/dataconnect`\n"}}
[debug] [2026-09-01T01:34:21.139Z] E0901 01:34:21.139286   18219 watch.go:40] Failed to load config from "/workspaces/LogiFlow/dataconnect": could not find dataconnect.yaml in `/workspaces/LogiFlow/dataconnect`
 {"metadata":{"emulator":{"name":"dataconnect"},"message":"E0901 01:34:21.139286   18219 watch.go:40] Failed to load config from \"/workspaces/LogiFlow/dataconnect\": could not find dataconnect.yaml in `/workspaces/LogiFlow/dataconnect`\n"}}
[debug] [2026-09-01T01:34:31.148Z] E0901 01:34:31.148419   18219 watch.go:40] Failed to load config from "/workspaces/LogiFlow/dataconnect": could not find dataconnect.yaml in `/workspaces/LogiFlow/dataconnect`
 {"metadata":{"emulator":{"name":"dataconnect"},"message":"E0901 01:34:31.148419   18219 watch.go:40] Failed to load config from \"/workspaces/LogiFlow/dataconnect\": could not find dataconnect.yaml in `/workspaces/LogiFlow/dataconnect`\n"}}
[debug] [2026-09-01T01:34:41.148Z] E0901 01:34:41.148072   18219 watch.go:40] Failed to load config from "/workspaces/LogiFlow/dataconnect": could not find dataconnect.yaml in `/workspaces/LogiFlow/dataconnect`
 {"metadata":{"emulator":{"name":"dataconnect"},"message":"E0901 01:34:41.148072   18219 watch.go:40] Failed to load config from \"/workspaces/LogiFlow/dataconnect\": could not find dataconnect.yaml in `/workspaces/LogiFlow/dataconnect`\n"}}
[debug] [2026-09-01T01:34:51.139Z] E0901 01:34:51.139279   18219 watch.go:116] watchAllDir unable to walk dir `/workspaces/LogiFlow/dataconnect`: lstat /workspaces/LogiFlow/dataconnect: no such file or directory
E0901 01:34:51.139345   18219 watch.go:40] Failed to load config from "/workspaces/LogiFlow/dataconnect": could not find dataconnect.yaml in `/workspaces/LogiFlow/dataconnect`
 {"metadata":{"emulator":{"name":"dataconnect"},"message":"E0901 01:34:51.139279   18219 watch.go:116] watchAllDir unable to walk dir `/workspaces/LogiFlow/dataconnect`: lstat /workspaces/LogiFlow/dataconnect: no such file or directory\nE0901 01:34:51.139345   18219 watch.go:40] Failed to load config from \"/workspaces/LogiFlow/dataconnect\": could not find dataconnect.yaml in `/workspaces/LogiFlow/dataconnect`\n"}}
[debug] [2026-09-01T01:35:01.148Z] E0901 01:35:01.148477   18219 watch.go:40] Failed to load config from "/workspaces/LogiFlow/dataconnect": could not find dataconnect.yaml in `/workspaces/LogiFlow/dataconnect`
 {"metadata":{"emulator":{"name":"dataconnect"},"message":"E0901 01:35:01.148477   18219 watch.go:40] Failed to load config from \"/workspaces/LogiFlow/dataconnect\": could not find dataconnect.yaml in `/workspaces/LogiFlow/dataconnect`\n"}}
[debug] [2026-09-01T01:35:11.148Z] E0901 01:35:11.148576   18219 watch.go:40] Failed to load config from "/workspaces/LogiFlow/dataconnect": could not find dataconnect.yaml in `/workspaces/LogiFlow/dataconnect`
 {"metadata":{"emulator":{"name":"dataconnect"},"message":"E0901 01:35:11.148576   18219 watch.go:40] Failed to load config from \"/workspaces/LogiFlow/dataconnect\": could not find dataconnect.yaml in `/workspaces/LogiFlow/dataconnect`\n"}}
[debug] [2026-09-01T01:35:21.139Z] E0901 01:35:21.139524   18219 watch.go:40] Failed to load config from "/workspaces/LogiFlow/dataconnect": could not find dataconnect.yaml in `/workspaces/LogiFlow/dataconnect`
 {"metadata":{"emulator":{"name":"dataconnect"},"message":"E0901 01:35:21.139524   18219 watch.go:40] Failed to load config from \"/workspaces/LogiFlow/dataconnect\": could not find dataconnect.yaml in `/workspaces/LogiFlow/dataconnect`\n"}}
[debug] [2026-09-01T01:35:31.142Z] E0901 01:35:31.142579   18219 watch.go:40] Failed to load config from "/workspaces/LogiFlow/dataconnect": could not find dataconnect.yaml in `/workspaces/LogiFlow/dataconnect`
 {"metadata":{"emulator":{"name":"dataconnect"},"message":"E0901 01:35:31.142579   18219 watch.go:40] Failed to load config from \"/workspaces/LogiFlow/dataconnect\": could not find dataconnect.yaml in `/workspaces/LogiFlow/dataconnect`\n"}}
[debug] [2026-09-01T01:35:41.139Z] E0901 01:35:41.139212   18219 watch.go:40] Failed to load config from "/workspaces/LogiFlow/dataconnect": could not find dataconnect.yaml in `/workspaces/LogiFlow/dataconnect`
 {"metadata":{"emulator":{"name":"dataconnect"},"message":"E0901 01:35:41.139212   18219 watch.go:40] Failed to load config from \"/workspaces/LogiFlow/dataconnect\": could not find dataconnect.yaml in `/workspaces/LogiFlow/dataconnect`\n"}}
[debug] [2026-09-01T01:35:51.140Z] E0901 01:35:51.139787   18219 watch.go:116] watchAllDir unable to walk dir `/workspaces/LogiFlow/dataconnect`: lstat /workspaces/LogiFlow/dataconnect: no such file or directory
E0901 01:35:51.139874   18219 watch.go:40] Failed to load config from "/workspaces/LogiFlow/dataconnect": could not find dataconnect.yaml in `/workspaces/LogiFlow/dataconnect`
 {"metadata":{"emulator":{"name":"dataconnect"},"message":"E0901 01:35:51.139787   18219 watch.go:116] watchAllDir unable to walk dir `/workspaces/LogiFlow/dataconnect`: lstat /workspaces/LogiFlow/dataconnect: no such file or directory\nE0901 01:35:51.139874   18219 watch.go:40] Failed to load config from \"/workspaces/LogiFlow/dataconnect\": could not find dataconnect.yaml in `/workspaces/LogiFlow/dataconnect`\n"}}
[debug] [2026-09-01T01:36:01.147Z] E0901 01:36:01.147054   18219 watch.go:40] Failed to load config from "/workspaces/LogiFlow/dataconnect": could not find dataconnect.yaml in `/workspaces/LogiFlow/dataconnect`
 {"metadata":{"emulator":{"name":"dataconnect"},"message":"E0901 01:36:01.147054   18219 watch.go:40] Failed to load config from \"/workspaces/LogiFlow/dataconnect\": could not find dataconnect.yaml in `/workspaces/LogiFlow/dataconnect`\n"}}
[debug] [2026-09-01T01:36:11.148Z] E0901 01:36:11.148130   18219 watch.go:40] Failed to load config from "/workspaces/LogiFlow/dataconnect": could not find dataconnect.yaml in `/workspaces/LogiFlow/dataconnect`
 {"metadata":{"emulator":{"name":"dataconnect"},"message":"E0901 01:36:11.148130   18219 watch.go:40] Failed to load config from \"/workspaces/LogiFlow/dataconnect\": could not find dataconnect.yaml in `/workspaces/LogiFlow/dataconnect`\n"}}
[debug] [2026-09-01T01:36:21.139Z] E0901 01:36:21.139334   18219 watch.go:40] Failed to load config from "/workspaces/LogiFlow/dataconnect": could not find dataconnect.yaml in `/workspaces/LogiFlow/dataconnect`
 {"metadata":{"emulator":{"name":"dataconnect"},"message":"E0901 01:36:21.139334   18219 watch.go:40] Failed to load config from \"/workspaces/LogiFlow/dataconnect\": could not find dataconnect.yaml in `/workspaces/LogiFlow/dataconnect`\n"}}
[debug] [2026-09-01T01:36:31.148Z] E0901 01:36:31.148443   18219 watch.go:40] Failed to load config from "/workspaces/LogiFlow/dataconnect": could not find dataconnect.yaml in `/workspaces/LogiFlow/dataconnect`
 {"metadata":{"emulator":{"name":"dataconnect"},"message":"E0901 01:36:31.148443   18219 watch.go:40] Failed to load config from \"/workspaces/LogiFlow/dataconnect\": could not find dataconnect.yaml in `/workspaces/LogiFlow/dataconnect`\n"}}
[debug] [2026-09-01T01:36:41.146Z] E0901 01:36:41.145838   18219 watch.go:40] Failed to load config from "/workspaces/LogiFlow/dataconnect": could not find dataconnect.yaml in `/workspaces/LogiFlow/dataconnect`
 {"metadata":{"emulator":{"name":"dataconnect"},"message":"E0901 01:36:41.145838   18219 watch.go:40] Failed to load config from \"/workspaces/LogiFlow/dataconnect\": could not find dataconnect.yaml in `/workspaces/LogiFlow/dataconnect`\n"}}
[debug] [2026-09-01T01:36:51.139Z] E0901 01:36:51.139056   18219 watch.go:116] watchAllDir unable to walk dir `/workspaces/LogiFlow/dataconnect`: lstat /workspaces/LogiFlow/dataconnect: no such file or directory
E0901 01:36:51.139118   18219 watch.go:40] Failed to load config from "/workspaces/LogiFlow/dataconnect": could not find dataconnect.yaml in `/workspaces/LogiFlow/dataconnect`
 {"metadata":{"emulator":{"name":"dataconnect"},"message":"E0901 01:36:51.139056   18219 watch.go:116] watchAllDir unable to walk dir `/workspaces/LogiFlow/dataconnect`: lstat /workspaces/LogiFlow/dataconnect: no such file or directory\nE0901 01:36:51.139118   18219 watch.go:40] Failed to load config from \"/workspaces/LogiFlow/dataconnect\": could not find dataconnect.yaml in `/workspaces/LogiFlow/dataconnect`\n"}}
[debug] [2026-09-01T01:37:01.140Z] E0901 01:37:01.140280   18219 watch.go:40] Failed to load config from "/workspaces/LogiFlow/dataconnect": could not find dataconnect.yaml in `/workspaces/LogiFlow/dataconnect`
 {"metadata":{"emulator":{"name":"dataconnect"},"message":"E0901 01:37:01.140280   18219 watch.go:40] Failed to load config from \"/workspaces/LogiFlow/dataconnect\": could not find dataconnect.yaml in `/workspaces/LogiFlow/dataconnect`\n"}}
[debug] [2026-09-01T01:37:11.139Z] E0901 01:37:11.139031   18219 watch.go:40] Failed to load config from "/workspaces/LogiFlow/dataconnect": could not find dataconnect.yaml in `/workspaces/LogiFlow/dataconnect`
 {"metadata":{"emulator":{"name":"dataconnect"},"message":"E0901 01:37:11.139031   18219 watch.go:40] Failed to load config from \"/workspaces/LogiFlow/dataconnect\": could not find dataconnect.yaml in `/workspaces/LogiFlow/dataconnect`\n"}}
[debug] [2026-09-01T01:37:21.139Z] E0901 01:37:21.139233   18219 watch.go:40] Failed to load config from "/workspaces/LogiFlow/dataconnect": could not find dataconnect.yaml in `/workspaces/LogiFlow/dataconnect`
 {"metadata":{"emulator":{"name":"dataconnect"},"message":"E0901 01:37:21.139233   18219 watch.go:40] Failed to load config from \"/workspaces/LogiFlow/dataconnect\": could not find dataconnect.yaml in `/workspaces/LogiFlow/dataconnect`\n"}}
[debug] [2026-09-01T01:37:31.144Z] E0901 01:37:31.144101   18219 watch.go:40] Failed to load config from "/workspaces/LogiFlow/dataconnect": could not find dataconnect.yaml in `/workspaces/LogiFlow/dataconnect`
 {"metadata":{"emulator":{"name":"dataconnect"},"message":"E0901 01:37:31.144101   18219 watch.go:40] Failed to load config from \"/workspaces/LogiFlow/dataconnect\": could not find dataconnect.yaml in `/workspaces/LogiFlow/dataconnect`\n"}}
[debug] [2026-09-01T01:37:41.147Z] E0901 01:37:41.147633   18219 watch.go:40] Failed to load config from "/workspaces/LogiFlow/dataconnect": could not find dataconnect.yaml in `/workspaces/LogiFlow/dataconnect`
 {"metadata":{"emulator":{"name":"dataconnect"},"message":"E0901 01:37:41.147633   18219 watch.go:40] Failed to load config from \"/workspaces/LogiFlow/dataconnect\": could not find dataconnect.yaml in `/workspaces/LogiFlow/dataconnect`\n"}}
[debug] [2026-09-01T01:37:51.139Z] E0901 01:37:51.139033   18219 watch.go:40] Failed to load config from "/workspaces/LogiFlow/dataconnect": could not find dataconnect.yaml in `/workspaces/LogiFlow/dataconnect`
E0901 01:37:51.139006   18219 watch.go:116] watchAllDir unable to walk dir `/workspaces/LogiFlow/dataconnect`: lstat /workspaces/LogiFlow/dataconnect: no such file or directory
 {"metadata":{"emulator":{"name":"dataconnect"},"message":"E0901 01:37:51.139033   18219 watch.go:40] Failed to load config from \"/workspaces/LogiFlow/dataconnect\": could not find dataconnect.yaml in `/workspaces/LogiFlow/dataconnect`\nE0901 01:37:51.139006   18219 watch.go:116] watchAllDir unable to walk dir `/workspaces/LogiFlow/dataconnect`: lstat /workspaces/LogiFlow/dataconnect: no such file or directory\n"}}
[debug] [2026-09-01T01:38:01.144Z] E0901 01:38:01.144084   18219 watch.go:40] Failed to load config from "/workspaces/LogiFlow/dataconnect": could not find dataconnect.yaml in `/workspaces/LogiFlow/dataconnect`
 {"metadata":{"emulator":{"name":"dataconnect"},"message":"E0901 01:38:01.144084   18219 watch.go:40] Failed to load config from \"/workspaces/LogiFlow/dataconnect\": could not find dataconnect.yaml in `/workspaces/LogiFlow/dataconnect`\n"}}
[debug] [2026-09-01T01:38:11.144Z] E0901 01:38:11.144111   18219 watch.go:40] Failed to load config from "/workspaces/LogiFlow/dataconnect": could not find dataconnect.yaml in `/workspaces/LogiFlow/dataconnect`
 {"metadata":{"emulator":{"name":"dataconnect"},"message":"E0901 01:38:11.144111   18219 watch.go:40] Failed to load config from \"/workspaces/LogiFlow/dataconnect\": could not find dataconnect.yaml in `/workspaces/LogiFlow/dataconnect`\n"}}
[debug] [2026-09-01T01:38:21.139Z] E0901 01:38:21.139413   18219 watch.go:40] Failed to load config from "/workspaces/LogiFlow/dataconnect": could not find dataconnect.yaml in `/workspaces/LogiFlow/dataconnect`
 {"metadata":{"emulator":{"name":"dataconnect"},"message":"E0901 01:38:21.139413   18219 watch.go:40] Failed to load config from \"/workspaces/LogiFlow/dataconnect\": could not find dataconnect.yaml in `/workspaces/LogiFlow/dataconnect`\n"}}
[debug] [2026-09-01T01:38:31.139Z] E0901 01:38:31.138997   18219 watch.go:40] Failed to load config from "/workspaces/LogiFlow/dataconnect": could not find dataconnect.yaml in `/workspaces/LogiFlow/dataconnect`
 {"metadata":{"emulator":{"name":"dataconnect"},"message":"E0901 01:38:31.138997   18219 watch.go:40] Failed to load config from \"/workspaces/LogiFlow/dataconnect\": could not find dataconnect.yaml in `/workspaces/LogiFlow/dataconnect`\n"}}
[debug] [2026-09-01T01:38:41.143Z] E0901 01:38:41.143695   18219 watch.go:40] Failed to load config from "/workspaces/LogiFlow/dataconnect": could not find dataconnect.yaml in `/workspaces/LogiFlow/dataconnect`
 {"metadata":{"emulator":{"name":"dataconnect"},"message":"E0901 01:38:41.143695   18219 watch.go:40] Failed to load config from \"/workspaces/LogiFlow/dataconnect\": could not find dataconnect.yaml in `/workspaces/LogiFlow/dataconnect`\n"}}
[debug] [2026-09-01T01:38:51.140Z] E0901 01:38:51.139841   18219 watch.go:116] watchAllDir unable to walk dir `/workspaces/LogiFlow/dataconnect`: lstat /workspaces/LogiFlow/dataconnect: no such file or directory
E0901 01:38:51.139865   18219 watch.go:40] Failed to load config from "/workspaces/LogiFlow/dataconnect": could not find dataconnect.yaml in `/workspaces/LogiFlow/dataconnect`
 {"metadata":{"emulator":{"name":"dataconnect"},"message":"E0901 01:38:51.139841   18219 watch.go:116] watchAllDir unable to walk dir `/workspaces/LogiFlow/dataconnect`: lstat /workspaces/LogiFlow/dataconnect: no such file or directory\nE0901 01:38:51.139865   18219 watch.go:40] Failed to load config from \"/workspaces/LogiFlow/dataconnect\": could not find dataconnect.yaml in `/workspaces/LogiFlow/dataconnect`\n"}}
[debug] [2026-09-01T01:39:01.139Z] E0901 01:39:01.138950   18219 watch.go:40] Failed to load config from "/workspaces/LogiFlow/dataconnect": could not find dataconnect.yaml in `/workspaces/LogiFlow/dataconnect`
 {"metadata":{"emulator":{"name":"dataconnect"},"message":"E0901 01:39:01.138950   18219 watch.go:40] Failed to load config from \"/workspaces/LogiFlow/dataconnect\": could not find dataconnect.yaml in `/workspaces/LogiFlow/dataconnect`\n"}}
[debug] [2026-09-01T01:39:11.148Z] E0901 01:39:11.148061   18219 watch.go:40] Failed to load config from "/workspaces/LogiFlow/dataconnect": could not find dataconnect.yaml in `/workspaces/LogiFlow/dataconnect`
 {"metadata":{"emulator":{"name":"dataconnect"},"message":"E0901 01:39:11.148061   18219 watch.go:40] Failed to load config from \"/workspaces/LogiFlow/dataconnect\": could not find dataconnect.yaml in `/workspaces/LogiFlow/dataconnect`\n"}}
[debug] [2026-09-01T01:39:21.140Z] E0901 01:39:21.140066   18219 watch.go:40] Failed to load config from "/workspaces/LogiFlow/dataconnect": could not find dataconnect.yaml in `/workspaces/LogiFlow/dataconnect`
 {"metadata":{"emulator":{"name":"dataconnect"},"message":"E0901 01:39:21.140066   18219 watch.go:40] Failed to load config from \"/workspaces/LogiFlow/dataconnect\": could not find dataconnect.yaml in `/workspaces/LogiFlow/dataconnect`\n"}}
[debug] [2026-09-01T01:39:31.142Z] E0901 01:39:31.141808   18219 watch.go:40] Failed to load config from "/workspaces/LogiFlow/dataconnect": could not find dataconnect.yaml in `/workspaces/LogiFlow/dataconnect`
 {"metadata":{"emulator":{"name":"dataconnect"},"message":"E0901 01:39:31.141808   18219 watch.go:40] Failed to load config from \"/workspaces/LogiFlow/dataconnect\": could not find dataconnect.yaml in `/workspaces/LogiFlow/dataconnect`\n"}}
[debug] [2026-09-01T01:39:41.149Z] E0901 01:39:41.148896   18219 watch.go:40] Failed to load config from "/workspaces/LogiFlow/dataconnect": could not find dataconnect.yaml in `/workspaces/LogiFlow/dataconnect`
 {"metadata":{"emulator":{"name":"dataconnect"},"message":"E0901 01:39:41.148896   18219 watch.go:40] Failed to load config from \"/workspaces/LogiFlow/dataconnect\": could not find dataconnect.yaml in `/workspaces/LogiFlow/dataconnect`\n"}}
[debug] [2026-09-01T01:39:51.139Z] E0901 01:39:51.139105   18219 watch.go:116] watchAllDir unable to walk dir `/workspaces/LogiFlow/dataconnect`: lstat /workspaces/LogiFlow/dataconnect: no such file or directory
E0901 01:39:51.139209   18219 watch.go:40] Failed to load config from "/workspaces/LogiFlow/dataconnect": could not find dataconnect.yaml in `/workspaces/LogiFlow/dataconnect`
 {"metadata":{"emulator":{"name":"dataconnect"},"message":"E0901 01:39:51.139105   18219 watch.go:116] watchAllDir unable to walk dir `/workspaces/LogiFlow/dataconnect`: lstat /workspaces/LogiFlow/dataconnect: no such file or directory\nE0901 01:39:51.139209   18219 watch.go:40] Failed to load config from \"/workspaces/LogiFlow/dataconnect\": could not find dataconnect.yaml in `/workspaces/LogiFlow/dataconnect`\n"}}
[debug] [2026-09-01T01:40:01.139Z] E0901 01:40:01.139002   18219 watch.go:40] Failed to load config from "/workspaces/LogiFlow/dataconnect": could not find dataconnect.yaml in `/workspaces/LogiFlow/dataconnect`
 {"metadata":{"emulator":{"name":"dataconnect"},"message":"E0901 01:40:01.139002   18219 watch.go:40] Failed to load config from \"/workspaces/LogiFlow/dataconnect\": could not find dataconnect.yaml in `/workspaces/LogiFlow/dataconnect`\n"}}
[debug] [2026-09-01T01:40:11.145Z] E0901 01:40:11.144921   18219 watch.go:40] Failed to load config from "/workspaces/LogiFlow/dataconnect": could not find dataconnect.yaml in `/workspaces/LogiFlow/dataconnect`
 {"metadata":{"emulator":{"name":"dataconnect"},"message":"E0901 01:40:11.144921   18219 watch.go:40] Failed to load config from \"/workspaces/LogiFlow/dataconnect\": could not find dataconnect.yaml in `/workspaces/LogiFlow/dataconnect`\n"}}
[debug] [2026-09-01T01:40:21.139Z] E0901 01:40:21.139208   18219 watch.go:40] Failed to load config from "/workspaces/LogiFlow/dataconnect": could not find dataconnect.yaml in `/workspaces/LogiFlow/dataconnect`
 {"metadata":{"emulator":{"name":"dataconnect"},"message":"E0901 01:40:21.139208   18219 watch.go:40] Failed to load config from \"/workspaces/LogiFlow/dataconnect\": could not find dataconnect.yaml in `/workspaces/LogiFlow/dataconnect`\n"}}
[debug] [2026-09-01T01:40:31.148Z] E0901 01:40:31.148256   18219 watch.go:40] Failed to load config from "/workspaces/LogiFlow/dataconnect": could not find dataconnect.yaml in `/workspaces/LogiFlow/dataconnect`
 {"metadata":{"emulator":{"name":"dataconnect"},"message":"E0901 01:40:31.148256   18219 watch.go:40] Failed to load config from \"/workspaces/LogiFlow/dataconnect\": could not find dataconnect.yaml in `/workspaces/LogiFlow/dataconnect`\n"}}
[debug] [2026-09-01T01:40:41.144Z] E0901 01:40:41.144128   18219 watch.go:40] Failed to load config from "/workspaces/LogiFlow/dataconnect": could not find dataconnect.yaml in `/workspaces/LogiFlow/dataconnect`
 {"metadata":{"emulator":{"name":"dataconnect"},"message":"E0901 01:40:41.144128   18219 watch.go:40] Failed to load config from \"/workspaces/LogiFlow/dataconnect\": could not find dataconnect.yaml in `/workspaces/LogiFlow/dataconnect`\n"}}
[debug] [2026-09-01T01:40:51.139Z] E0901 01:40:51.139148   18219 watch.go:116] watchAllDir unable to walk dir `/workspaces/LogiFlow/dataconnect`: lstat /workspaces/LogiFlow/dataconnect: no such file or directory
E0901 01:40:51.139214   18219 watch.go:40] Failed to load config from "/workspaces/LogiFlow/dataconnect": could not find dataconnect.yaml in `/workspaces/LogiFlow/dataconnect`
 {"metadata":{"emulator":{"name":"dataconnect"},"message":"E0901 01:40:51.139148   18219 watch.go:116] watchAllDir unable to walk dir `/workspaces/LogiFlow/dataconnect`: lstat /workspaces/LogiFlow/dataconnect: no such file or directory\nE0901 01:40:51.139214   18219 watch.go:40] Failed to load config from \"/workspaces/LogiFlow/dataconnect\": could not find dataconnect.yaml in `/workspaces/LogiFlow/dataconnect`\n"}}
[debug] [2026-09-01T01:41:01.157Z] E0901 01:41:01.148073   18219 watch.go:40] Failed to load config from "/workspaces/LogiFlow/dataconnect": could not find dataconnect.yaml in `/workspaces/LogiFlow/dataconnect`
 {"metadata":{"emulator":{"name":"dataconnect"},"message":"E0901 01:41:01.148073   18219 watch.go:40] Failed to load config from \"/workspaces/LogiFlow/dataconnect\": could not find dataconnect.yaml in `/workspaces/LogiFlow/dataconnect`\n"}}
[debug] [2026-09-01T01:41:11.148Z] E0901 01:41:11.148158   18219 watch.go:40] Failed to load config from "/workspaces/LogiFlow/dataconnect": could not find dataconnect.yaml in `/workspaces/LogiFlow/dataconnect`
 {"metadata":{"emulator":{"name":"dataconnect"},"message":"E0901 01:41:11.148158   18219 watch.go:40] Failed to load config from \"/workspaces/LogiFlow/dataconnect\": could not find dataconnect.yaml in `/workspaces/LogiFlow/dataconnect`\n"}}
[debug] [2026-09-01T01:41:21.139Z] E0901 01:41:21.139474   18219 watch.go:40] Failed to load config from "/workspaces/LogiFlow/dataconnect": could not find dataconnect.yaml in `/workspaces/LogiFlow/dataconnect`
 {"metadata":{"emulator":{"name":"dataconnect"},"message":"E0901 01:41:21.139474   18219 watch.go:40] Failed to load config from \"/workspaces/LogiFlow/dataconnect\": could not find dataconnect.yaml in `/workspaces/LogiFlow/dataconnect`\n"}}
[debug] [2026-09-01T01:41:31.148Z] E0901 01:41:31.148595   18219 watch.go:40] Failed to load config from "/workspaces/LogiFlow/dataconnect": could not find dataconnect.yaml in `/workspaces/LogiFlow/dataconnect`
 {"metadata":{"emulator":{"name":"dataconnect"},"message":"E0901 01:41:31.148595   18219 watch.go:40] Failed to load config from \"/workspaces/LogiFlow/dataconnect\": could not find dataconnect.yaml in `/workspaces/LogiFlow/dataconnect`\n"}}
[debug] [2026-09-01T01:41:41.148Z] E0901 01:41:41.148694   18219 watch.go:40] Failed to load config from "/workspaces/LogiFlow/dataconnect": could not find dataconnect.yaml in `/workspaces/LogiFlow/dataconnect`
 {"metadata":{"emulator":{"name":"dataconnect"},"message":"E0901 01:41:41.148694   18219 watch.go:40] Failed to load config from \"/workspaces/LogiFlow/dataconnect\": could not find dataconnect.yaml in `/workspaces/LogiFlow/dataconnect`\n"}}
[debug] [2026-09-01T01:41:51.139Z] E0901 01:41:51.139281   18219 watch.go:116] watchAllDir unable to walk dir `/workspaces/LogiFlow/dataconnect`: lstat /workspaces/LogiFlow/dataconnect: no such file or directory
E0901 01:41:51.139347   18219 watch.go:40] Failed to load config from "/workspaces/LogiFlow/dataconnect": could not find dataconnect.yaml in `/workspaces/LogiFlow/dataconnect`
 {"metadata":{"emulator":{"name":"dataconnect"},"message":"E0901 01:41:51.139281   18219 watch.go:116] watchAllDir unable to walk dir `/workspaces/LogiFlow/dataconnect`: lstat /workspaces/LogiFlow/dataconnect: no such file or directory\nE0901 01:41:51.139347   18219 watch.go:40] Failed to load config from \"/workspaces/LogiFlow/dataconnect\": could not find dataconnect.yaml in `/workspaces/LogiFlow/dataconnect`\n"}}
[debug] [2026-09-01T01:42:01.139Z] E0901 01:42:01.139246   18219 watch.go:40] Failed to load config from "/workspaces/LogiFlow/dataconnect": could not find dataconnect.yaml in `/workspaces/LogiFlow/dataconnect`
 {"metadata":{"emulator":{"name":"dataconnect"},"message":"E0901 01:42:01.139246   18219 watch.go:40] Failed to load config from \"/workspaces/LogiFlow/dataconnect\": could not find dataconnect.yaml in `/workspaces/LogiFlow/dataconnect`\n"}}
[debug] [2026-09-01T01:42:11.139Z] E0901 01:42:11.139079   18219 watch.go:40] Failed to load config from "/workspaces/LogiFlow/dataconnect": could not find dataconnect.yaml in `/workspaces/LogiFlow/dataconnect`
 {"metadata":{"emulator":{"name":"dataconnect"},"message":"E0901 01:42:11.139079   18219 watch.go:40] Failed to load config from \"/workspaces/LogiFlow/dataconnect\": could not find dataconnect.yaml in `/workspaces/LogiFlow/dataconnect`\n"}}
[debug] [2026-09-01T01:42:21.139Z] E0901 01:42:21.139241   18219 watch.go:40] Failed to load config from "/workspaces/LogiFlow/dataconnect": could not find dataconnect.yaml in `/workspaces/LogiFlow/dataconnect`
 {"metadata":{"emulator":{"name":"dataconnect"},"message":"E0901 01:42:21.139241   18219 watch.go:40] Failed to load config from \"/workspaces/LogiFlow/dataconnect\": could not find dataconnect.yaml in `/workspaces/LogiFlow/dataconnect`\n"}}
[debug] [2026-09-01T01:42:31.148Z] E0901 01:42:31.148367   18219 watch.go:40] Failed to load config from "/workspaces/LogiFlow/dataconnect": could not find dataconnect.yaml in `/workspaces/LogiFlow/dataconnect`
 {"metadata":{"emulator":{"name":"dataconnect"},"message":"E0901 01:42:31.148367   18219 watch.go:40] Failed to load config from \"/workspaces/LogiFlow/dataconnect\": could not find dataconnect.yaml in `/workspaces/LogiFlow/dataconnect`\n"}}
[debug] [2026-09-01T01:42:41.148Z] E0901 01:42:41.148482   18219 watch.go:40] Failed to load config from "/workspaces/LogiFlow/dataconnect": could not find dataconnect.yaml in `/workspaces/LogiFlow/dataconnect`
 {"metadata":{"emulator":{"name":"dataconnect"},"message":"E0901 01:42:41.148482   18219 watch.go:40] Failed to load config from \"/workspaces/LogiFlow/dataconnect\": could not find dataconnect.yaml in `/workspaces/LogiFlow/dataconnect`\n"}}
[debug] [2026-09-01T01:42:51.139Z] E0901 01:42:51.139779   18219 watch.go:116] watchAllDir unable to walk dir `/workspaces/LogiFlow/dataconnect`: lstat /workspaces/LogiFlow/dataconnect: no such file or directory
E0901 01:42:51.139845   18219 watch.go:40] Failed to load config from "/workspaces/LogiFlow/dataconnect": could not find dataconnect.yaml in `/workspaces/LogiFlow/dataconnect`
 {"metadata":{"emulator":{"name":"dataconnect"},"message":"E0901 01:42:51.139779   18219 watch.go:116] watchAllDir unable to walk dir `/workspaces/LogiFlow/dataconnect`: lstat /workspaces/LogiFlow/dataconnect: no such file or directory\nE0901 01:42:51.139845   18219 watch.go:40] Failed to load config from \"/workspaces/LogiFlow/dataconnect\": could not find dataconnect.yaml in `/workspaces/LogiFlow/dataconnect`\n"}}
[debug] [2026-09-01T01:43:01.141Z] E0901 01:43:01.141726   18219 watch.go:40] Failed to load config from "/workspaces/LogiFlow/dataconnect": could not find dataconnect.yaml in `/workspaces/LogiFlow/dataconnect`
 {"metadata":{"emulator":{"name":"dataconnect"},"message":"E0901 01:43:01.141726   18219 watch.go:40] Failed to load config from \"/workspaces/LogiFlow/dataconnect\": could not find dataconnect.yaml in `/workspaces/LogiFlow/dataconnect`\n"}}
[debug] [2026-09-01T01:43:11.149Z] E0901 01:43:11.148854   18219 watch.go:40] Failed to load config from "/workspaces/LogiFlow/dataconnect": could not find dataconnect.yaml in `/workspaces/LogiFlow/dataconnect`
 {"metadata":{"emulator":{"name":"dataconnect"},"message":"E0901 01:43:11.148854   18219 watch.go:40] Failed to load config from \"/workspaces/LogiFlow/dataconnect\": could not find dataconnect.yaml in `/workspaces/LogiFlow/dataconnect`\n"}}
[debug] [2026-09-01T01:43:21.139Z] E0901 01:43:21.139192   18219 watch.go:40] Failed to load config from "/workspaces/LogiFlow/dataconnect": could not find dataconnect.yaml in `/workspaces/LogiFlow/dataconnect`
 {"metadata":{"emulator":{"name":"dataconnect"},"message":"E0901 01:43:21.139192   18219 watch.go:40] Failed to load config from \"/workspaces/LogiFlow/dataconnect\": could not find dataconnect.yaml in `/workspaces/LogiFlow/dataconnect`\n"}}
[debug] [2026-09-01T01:43:31.148Z] E0901 01:43:31.148316   18219 watch.go:40] Failed to load config from "/workspaces/LogiFlow/dataconnect": could not find dataconnect.yaml in `/workspaces/LogiFlow/dataconnect`
 {"metadata":{"emulator":{"name":"dataconnect"},"message":"E0901 01:43:31.148316   18219 watch.go:40] Failed to load config from \"/workspaces/LogiFlow/dataconnect\": could not find dataconnect.yaml in `/workspaces/LogiFlow/dataconnect`\n"}}
[debug] [2026-09-01T01:43:41.148Z] E0901 01:43:41.148431   18219 watch.go:40] Failed to load config from "/workspaces/LogiFlow/dataconnect": could not find dataconnect.yaml in `/workspaces/LogiFlow/dataconnect`
 {"metadata":{"emulator":{"name":"dataconnect"},"message":"E0901 01:43:41.148431   18219 watch.go:40] Failed to load config from \"/workspaces/LogiFlow/dataconnect\": could not find dataconnect.yaml in `/workspaces/LogiFlow/dataconnect`\n"}}
[debug] [2026-09-01T01:43:51.140Z] E0901 01:43:51.139791   18219 watch.go:116] watchAllDir unable to walk dir `/workspaces/LogiFlow/dataconnect`: lstat /workspaces/LogiFlow/dataconnect: no such file or directory
E0901 01:43:51.139890   18219 watch.go:40] Failed to load config from "/workspaces/LogiFlow/dataconnect": could not find dataconnect.yaml in `/workspaces/LogiFlow/dataconnect`
 {"metadata":{"emulator":{"name":"dataconnect"},"message":"E0901 01:43:51.139791   18219 watch.go:116] watchAllDir unable to walk dir `/workspaces/LogiFlow/dataconnect`: lstat /workspaces/LogiFlow/dataconnect: no such file or directory\nE0901 01:43:51.139890   18219 watch.go:40] Failed to load config from \"/workspaces/LogiFlow/dataconnect\": could not find dataconnect.yaml in `/workspaces/LogiFlow/dataconnect`\n"}}
[debug] [2026-09-01T01:44:01.139Z] E0901 01:44:01.139024   18219 watch.go:40] Failed to load config from "/workspaces/LogiFlow/dataconnect": could not find dataconnect.yaml in `/workspaces/LogiFlow/dataconnect`
 {"metadata":{"emulator":{"name":"dataconnect"},"message":"E0901 01:44:01.139024   18219 watch.go:40] Failed to load config from \"/workspaces/LogiFlow/dataconnect\": could not find dataconnect.yaml in `/workspaces/LogiFlow/dataconnect`\n"}}
[debug] [2026-09-01T01:44:11.144Z] E0901 01:44:11.139150   18219 watch.go:40] Failed to load config from "/workspaces/LogiFlow/dataconnect": could not find dataconnect.yaml in `/workspaces/LogiFlow/dataconnect`
 {"metadata":{"emulator":{"name":"dataconnect"},"message":"E0901 01:44:11.139150   18219 watch.go:40] Failed to load config from \"/workspaces/LogiFlow/dataconnect\": could not find dataconnect.yaml in `/workspaces/LogiFlow/dataconnect`\n"}}
[debug] [2026-09-01T01:44:21.139Z] E0901 01:44:21.139271   18219 watch.go:40] Failed to load config from "/workspaces/LogiFlow/dataconnect": could not find dataconnect.yaml in `/workspaces/LogiFlow/dataconnect`
 {"metadata":{"emulator":{"name":"dataconnect"},"message":"E0901 01:44:21.139271   18219 watch.go:40] Failed to load config from \"/workspaces/LogiFlow/dataconnect\": could not find dataconnect.yaml in `/workspaces/LogiFlow/dataconnect`\n"}}
[debug] [2026-09-01T01:44:31.139Z] E0901 01:44:31.139012   18219 watch.go:40] Failed to load config from "/workspaces/LogiFlow/dataconnect": could not find dataconnect.yaml in `/workspaces/LogiFlow/dataconnect`
 {"metadata":{"emulator":{"name":"dataconnect"},"message":"E0901 01:44:31.139012   18219 watch.go:40] Failed to load config from \"/workspaces/LogiFlow/dataconnect\": could not find dataconnect.yaml in `/workspaces/LogiFlow/dataconnect`\n"}}
[debug] [2026-09-01T01:44:41.147Z] E0901 01:44:41.146771   18219 watch.go:40] Failed to load config from "/workspaces/LogiFlow/dataconnect": could not find dataconnect.yaml in `/workspaces/LogiFlow/dataconnect`
 {"metadata":{"emulator":{"name":"dataconnect"},"message":"E0901 01:44:41.146771   18219 watch.go:40] Failed to load config from \"/workspaces/LogiFlow/dataconnect\": could not find dataconnect.yaml in `/workspaces/LogiFlow/dataconnect`\n"}}
[debug] [2026-09-01T01:44:51.139Z] E0901 01:44:51.139240   18219 watch.go:116] watchAllDir unable to walk dir `/workspaces/LogiFlow/dataconnect`: lstat /workspaces/LogiFlow/dataconnect: no such file or directory
E0901 01:44:51.139334   18219 watch.go:40] Failed to load config from "/workspaces/LogiFlow/dataconnect": could not find dataconnect.yaml in `/workspaces/LogiFlow/dataconnect`
 {"metadata":{"emulator":{"name":"dataconnect"},"message":"E0901 01:44:51.139240   18219 watch.go:116] watchAllDir unable to walk dir `/workspaces/LogiFlow/dataconnect`: lstat /workspaces/LogiFlow/dataconnect: no such file or directory\nE0901 01:44:51.139334   18219 watch.go:40] Failed to load config from \"/workspaces/LogiFlow/dataconnect\": could not find dataconnect.yaml in `/workspaces/LogiFlow/dataconnect`\n"}}
[debug] [2026-09-01T01:45:01.142Z] E0901 01:45:01.142325   18219 watch.go:40] Failed to load config from "/workspaces/LogiFlow/dataconnect": could not find dataconnect.yaml in `/workspaces/LogiFlow/dataconnect`
 {"metadata":{"emulator":{"name":"dataconnect"},"message":"E0901 01:45:01.142325   18219 watch.go:40] Failed to load config from \"/workspaces/LogiFlow/dataconnect\": could not find dataconnect.yaml in `/workspaces/LogiFlow/dataconnect`\n"}}
[debug] [2026-09-01T01:45:11.139Z] E0901 01:45:11.139019   18219 watch.go:40] Failed to load config from "/workspaces/LogiFlow/dataconnect": could not find dataconnect.yaml in `/workspaces/LogiFlow/dataconnect`
 {"metadata":{"emulator":{"name":"dataconnect"},"message":"E0901 01:45:11.139019   18219 watch.go:40] Failed to load config from \"/workspaces/LogiFlow/dataconnect\": could not find dataconnect.yaml in `/workspaces/LogiFlow/dataconnect`\n"}}
[debug] [2026-09-01T01:45:21.139Z] E0901 01:45:21.139766   18219 watch.go:40] Failed to load config from "/workspaces/LogiFlow/dataconnect": could not find dataconnect.yaml in `/workspaces/LogiFlow/dataconnect`
 {"metadata":{"emulator":{"name":"dataconnect"},"message":"E0901 01:45:21.139766   18219 watch.go:40] Failed to load config from \"/workspaces/LogiFlow/dataconnect\": could not find dataconnect.yaml in `/workspaces/LogiFlow/dataconnect`\n"}}
[debug] [2026-09-01T01:45:31.139Z] E0901 01:45:31.139009   18219 watch.go:40] Failed to load config from "/workspaces/LogiFlow/dataconnect": could not find dataconnect.yaml in `/workspaces/LogiFlow/dataconnect`
 {"metadata":{"emulator":{"name":"dataconnect"},"message":"E0901 01:45:31.139009   18219 watch.go:40] Failed to load config from \"/workspaces/LogiFlow/dataconnect\": could not find dataconnect.yaml in `/workspaces/LogiFlow/dataconnect`\n"}}
[debug] [2026-09-01T01:45:41.148Z] E0901 01:45:41.148109   18219 watch.go:40] Failed to load config from "/workspaces/LogiFlow/dataconnect": could not find dataconnect.yaml in `/workspaces/LogiFlow/dataconnect`
 {"metadata":{"emulator":{"name":"dataconnect"},"message":"E0901 01:45:41.148109   18219 watch.go:40] Failed to load config from \"/workspaces/LogiFlow/dataconnect\": could not find dataconnect.yaml in `/workspaces/LogiFlow/dataconnect`\n"}}
[debug] [2026-09-01T01:45:51.139Z] E0901 01:45:51.139191   18219 watch.go:116] watchAllDir unable to walk dir `/workspaces/LogiFlow/dataconnect`: lstat /workspaces/LogiFlow/dataconnect: no such file or directory
E0901 01:45:51.139217   18219 watch.go:40] Failed to load config from "/workspaces/LogiFlow/dataconnect": could not find dataconnect.yaml in `/workspaces/LogiFlow/dataconnect`
 {"metadata":{"emulator":{"name":"dataconnect"},"message":"E0901 01:45:51.139191   18219 watch.go:116] watchAllDir unable to walk dir `/workspaces/LogiFlow/dataconnect`: lstat /workspaces/LogiFlow/dataconnect: no such file or directory\nE0901 01:45:51.139217   18219 watch.go:40] Failed to load config from \"/workspaces/LogiFlow/dataconnect\": could not find dataconnect.yaml in `/workspaces/LogiFlow/dataconnect`\n"}}
[debug] [2026-09-01T01:46:01.148Z] E0901 01:46:01.148358   18219 watch.go:40] Failed to load config from "/workspaces/LogiFlow/dataconnect": could not find dataconnect.yaml in `/workspaces/LogiFlow/dataconnect`
 {"metadata":{"emulator":{"name":"dataconnect"},"message":"E0901 01:46:01.148358   18219 watch.go:40] Failed to load config from \"/workspaces/LogiFlow/dataconnect\": could not find dataconnect.yaml in `/workspaces/LogiFlow/dataconnect`\n"}}
[debug] [2026-09-01T01:46:11.139Z] E0901 01:46:11.138962   18219 watch.go:40] Failed to load config from "/workspaces/LogiFlow/dataconnect": could not find dataconnect.yaml in `/workspaces/LogiFlow/dataconnect`
 {"metadata":{"emulator":{"name":"dataconnect"},"message":"E0901 01:46:11.138962   18219 watch.go:40] Failed to load config from \"/workspaces/LogiFlow/dataconnect\": could not find dataconnect.yaml in `/workspaces/LogiFlow/dataconnect`\n"}}
[debug] [2026-09-01T01:46:21.139Z] E0901 01:46:21.139006   18219 watch.go:40] Failed to load config from "/workspaces/LogiFlow/dataconnect": could not find dataconnect.yaml in `/workspaces/LogiFlow/dataconnect`
 {"metadata":{"emulator":{"name":"dataconnect"},"message":"E0901 01:46:21.139006   18219 watch.go:40] Failed to load config from \"/workspaces/LogiFlow/dataconnect\": could not find dataconnect.yaml in `/workspaces/LogiFlow/dataconnect`\n"}}
[debug] [2026-09-01T01:46:31.139Z] E0901 01:46:31.139017   18219 watch.go:40] Failed to load config from "/workspaces/LogiFlow/dataconnect": could not find dataconnect.yaml in `/workspaces/LogiFlow/dataconnect`
 {"metadata":{"emulator":{"name":"dataconnect"},"message":"E0901 01:46:31.139017   18219 watch.go:40] Failed to load config from \"/workspaces/LogiFlow/dataconnect\": could not find dataconnect.yaml in `/workspaces/LogiFlow/dataconnect`\n"}}
[debug] [2026-09-01T01:46:41.148Z] E0901 01:46:41.148114   18219 watch.go:40] Failed to load config from "/workspaces/LogiFlow/dataconnect": could not find dataconnect.yaml in `/workspaces/LogiFlow/dataconnect`
 {"metadata":{"emulator":{"name":"dataconnect"},"message":"E0901 01:46:41.148114   18219 watch.go:40] Failed to load config from \"/workspaces/LogiFlow/dataconnect\": could not find dataconnect.yaml in `/workspaces/LogiFlow/dataconnect`\n"}}
[debug] [2026-09-01T01:46:51.139Z] E0901 01:46:51.139290   18219 watch.go:116] watchAllDir unable to walk dir `/workspaces/LogiFlow/dataconnect`: lstat /workspaces/LogiFlow/dataconnect: no such file or directory
E0901 01:46:51.139380   18219 watch.go:40] Failed to load config from "/workspaces/LogiFlow/dataconnect": could not find dataconnect.yaml in `/workspaces/LogiFlow/dataconnect`
 {"metadata":{"emulator":{"name":"dataconnect"},"message":"E0901 01:46:51.139290   18219 watch.go:116] watchAllDir unable to walk dir `/workspaces/LogiFlow/dataconnect`: lstat /workspaces/LogiFlow/dataconnect: no such file or directory\nE0901 01:46:51.139380   18219 watch.go:40] Failed to load config from \"/workspaces/LogiFlow/dataconnect\": could not find dataconnect.yaml in `/workspaces/LogiFlow/dataconnect`\n"}}
[debug] [2026-09-01T01:47:01.148Z] E0901 01:47:01.148486   18219 watch.go:40] Failed to load config from "/workspaces/LogiFlow/dataconnect": could not find dataconnect.yaml in `/workspaces/LogiFlow/dataconnect`
 {"metadata":{"emulator":{"name":"dataconnect"},"message":"E0901 01:47:01.148486   18219 watch.go:40] Failed to load config from \"/workspaces/LogiFlow/dataconnect\": could not find dataconnect.yaml in `/workspaces/LogiFlow/dataconnect`\n"}}
[debug] [2026-09-01T01:47:11.143Z] E0901 01:47:11.142867   18219 watch.go:40] Failed to load config from "/workspaces/LogiFlow/dataconnect": could not find dataconnect.yaml in `/workspaces/LogiFlow/dataconnect`
 {"metadata":{"emulator":{"name":"dataconnect"},"message":"E0901 01:47:11.142867   18219 watch.go:40] Failed to load config from \"/workspaces/LogiFlow/dataconnect\": could not find dataconnect.yaml in `/workspaces/LogiFlow/dataconnect`\n"}}
[debug] [2026-09-01T01:47:21.146Z] E0901 01:47:21.139127   18219 watch.go:40] Failed to load config from "/workspaces/LogiFlow/dataconnect": could not find dataconnect.yaml in `/workspaces/LogiFlow/dataconnect`
 {"metadata":{"emulator":{"name":"dataconnect"},"message":"E0901 01:47:21.139127   18219 watch.go:40] Failed to load config from \"/workspaces/LogiFlow/dataconnect\": could not find dataconnect.yaml in `/workspaces/LogiFlow/dataconnect`\n"}}
[debug] [2026-09-01T01:47:31.148Z] E0901 01:47:31.148222   18219 watch.go:40] Failed to load config from "/workspaces/LogiFlow/dataconnect": could not find dataconnect.yaml in `/workspaces/LogiFlow/dataconnect`
 {"metadata":{"emulator":{"name":"dataconnect"},"message":"E0901 01:47:31.148222   18219 watch.go:40] Failed to load config from \"/workspaces/LogiFlow/dataconnect\": could not find dataconnect.yaml in `/workspaces/LogiFlow/dataconnect`\n"}}
[debug] [2026-09-01T01:47:41.148Z] E0901 01:47:41.148282   18219 watch.go:40] Failed to load config from "/workspaces/LogiFlow/dataconnect": could not find dataconnect.yaml in `/workspaces/LogiFlow/dataconnect`
 {"metadata":{"emulator":{"name":"dataconnect"},"message":"E0901 01:47:41.148282   18219 watch.go:40] Failed to load config from \"/workspaces/LogiFlow/dataconnect\": could not find dataconnect.yaml in `/workspaces/LogiFlow/dataconnect`\n"}}
[debug] [2026-09-01T01:47:51.139Z] E0901 01:47:51.139533   18219 watch.go:116] watchAllDir unable to walk dir `/workspaces/LogiFlow/dataconnect`: lstat /workspaces/LogiFlow/dataconnect: no such file or directory
E0901 01:47:51.139559   18219 watch.go:40] Failed to load config from "/workspaces/LogiFlow/dataconnect": could not find dataconnect.yaml in `/workspaces/LogiFlow/dataconnect`
 {"metadata":{"emulator":{"name":"dataconnect"},"message":"E0901 01:47:51.139533   18219 watch.go:116] watchAllDir unable to walk dir `/workspaces/LogiFlow/dataconnect`: lstat /workspaces/LogiFlow/dataconnect: no such file or directory\nE0901 01:47:51.139559   18219 watch.go:40] Failed to load config from \"/workspaces/LogiFlow/dataconnect\": could not find dataconnect.yaml in `/workspaces/LogiFlow/dataconnect`\n"}}
[debug] [2026-09-01T01:48:01.148Z] E0901 01:48:01.148057   18219 watch.go:40] Failed to load config from "/workspaces/LogiFlow/dataconnect": could not find dataconnect.yaml in `/workspaces/LogiFlow/dataconnect`
 {"metadata":{"emulator":{"name":"dataconnect"},"message":"E0901 01:48:01.148057   18219 watch.go:40] Failed to load config from \"/workspaces/LogiFlow/dataconnect\": could not find dataconnect.yaml in `/workspaces/LogiFlow/dataconnect`\n"}}
[debug] [2026-09-01T01:48:11.139Z] E0901 01:48:11.139012   18219 watch.go:40] Failed to load config from "/workspaces/LogiFlow/dataconnect": could not find dataconnect.yaml in `/workspaces/LogiFlow/dataconnect`
 {"metadata":{"emulator":{"name":"dataconnect"},"message":"E0901 01:48:11.139012   18219 watch.go:40] Failed to load config from \"/workspaces/LogiFlow/dataconnect\": could not find dataconnect.yaml in `/workspaces/LogiFlow/dataconnect`\n"}}
[debug] [2026-09-01T01:48:21.139Z] E0901 01:48:21.139182   18219 watch.go:40] Failed to load config from "/workspaces/LogiFlow/dataconnect": could not find dataconnect.yaml in `/workspaces/LogiFlow/dataconnect`
 {"metadata":{"emulator":{"name":"dataconnect"},"message":"E0901 01:48:21.139182   18219 watch.go:40] Failed to load config from \"/workspaces/LogiFlow/dataconnect\": could not find dataconnect.yaml in `/workspaces/LogiFlow/dataconnect`\n"}}
[debug] [2026-09-01T01:48:31.139Z] E0901 01:48:31.139043   18219 watch.go:40] Failed to load config from "/workspaces/LogiFlow/dataconnect": could not find dataconnect.yaml in `/workspaces/LogiFlow/dataconnect`
 {"metadata":{"emulator":{"name":"dataconnect"},"message":"E0901 01:48:31.139043   18219 watch.go:40] Failed to load config from \"/workspaces/LogiFlow/dataconnect\": could not find dataconnect.yaml in `/workspaces/LogiFlow/dataconnect`\n"}}
[debug] [2026-09-01T01:48:41.139Z] E0901 01:48:41.139500   18219 watch.go:40] Failed to load config from "/workspaces/LogiFlow/dataconnect": could not find dataconnect.yaml in `/workspaces/LogiFlow/dataconnect`
 {"metadata":{"emulator":{"name":"dataconnect"},"message":"E0901 01:48:41.139500   18219 watch.go:40] Failed to load config from \"/workspaces/LogiFlow/dataconnect\": could not find dataconnect.yaml in `/workspaces/LogiFlow/dataconnect`\n"}}
[debug] [2026-09-01T01:48:51.139Z] E0901 01:48:51.138886   18219 watch.go:116] watchAllDir unable to walk dir `/workspaces/LogiFlow/dataconnect`: lstat /workspaces/LogiFlow/dataconnect: no such file or directory
 {"metadata":{"emulator":{"name":"dataconnect"},"message":"E0901 01:48:51.138886   18219 watch.go:116] watchAllDir unable to walk dir `/workspaces/LogiFlow/dataconnect`: lstat /workspaces/LogiFlow/dataconnect: no such file or directory\n"}}
[debug] [2026-09-01T01:48:51.139Z] E0901 01:48:51.138995   18219 watch.go:40] Failed to load config from "/workspaces/LogiFlow/dataconnect": could not find dataconnect.yaml in `/workspaces/LogiFlow/dataconnect`
 {"metadata":{"emulator":{"name":"dataconnect"},"message":"E0901 01:48:51.138995   18219 watch.go:40] Failed to load config from \"/workspaces/LogiFlow/dataconnect\": could not find dataconnect.yaml in `/workspaces/LogiFlow/dataconnect`\n"}}
[debug] [2026-09-01T01:49:01.147Z] E0901 01:49:01.147575   18219 watch.go:40] Failed to load config from "/workspaces/LogiFlow/dataconnect": could not find dataconnect.yaml in `/workspaces/LogiFlow/dataconnect`
 {"metadata":{"emulator":{"name":"dataconnect"},"message":"E0901 01:49:01.147575   18219 watch.go:40] Failed to load config from \"/workspaces/LogiFlow/dataconnect\": could not find dataconnect.yaml in `/workspaces/LogiFlow/dataconnect`\n"}}
[debug] [2026-09-01T01:49:11.148Z] E0901 01:49:11.148664   18219 watch.go:40] Failed to load config from "/workspaces/LogiFlow/dataconnect": could not find dataconnect.yaml in `/workspaces/LogiFlow/dataconnect`
 {"metadata":{"emulator":{"name":"dataconnect"},"message":"E0901 01:49:11.148664   18219 watch.go:40] Failed to load config from \"/workspaces/LogiFlow/dataconnect\": could not find dataconnect.yaml in `/workspaces/LogiFlow/dataconnect`\n"}}
[debug] [2026-09-01T01:49:21.139Z] E0901 01:49:21.138902   18219 watch.go:40] Failed to load config from "/workspaces/LogiFlow/dataconnect": could not find dataconnect.yaml in `/workspaces/LogiFlow/dataconnect`
 {"metadata":{"emulator":{"name":"dataconnect"},"message":"E0901 01:49:21.138902   18219 watch.go:40] Failed to load config from \"/workspaces/LogiFlow/dataconnect\": could not find dataconnect.yaml in `/workspaces/LogiFlow/dataconnect`\n"}}
[debug] [2026-09-01T01:49:31.148Z] E0901 01:49:31.147991   18219 watch.go:40] Failed to load config from "/workspaces/LogiFlow/dataconnect": could not find dataconnect.yaml in `/workspaces/LogiFlow/dataconnect`
 {"metadata":{"emulator":{"name":"dataconnect"},"message":"E0901 01:49:31.147991   18219 watch.go:40] Failed to load config from \"/workspaces/LogiFlow/dataconnect\": could not find dataconnect.yaml in `/workspaces/LogiFlow/dataconnect`\n"}}
[debug] [2026-09-01T01:49:41.140Z] E0901 01:49:41.140060   18219 watch.go:40] Failed to load config from "/workspaces/LogiFlow/dataconnect": could not find dataconnect.yaml in `/workspaces/LogiFlow/dataconnect`
 {"metadata":{"emulator":{"name":"dataconnect"},"message":"E0901 01:49:41.140060   18219 watch.go:40] Failed to load config from \"/workspaces/LogiFlow/dataconnect\": could not find dataconnect.yaml in `/workspaces/LogiFlow/dataconnect`\n"}}
[debug] [2026-09-01T01:49:51.139Z] E0901 01:49:51.139166   18219 watch.go:116] watchAllDir unable to walk dir `/workspaces/LogiFlow/dataconnect`: lstat /workspaces/LogiFlow/dataconnect: no such file or directory
E0901 01:49:51.139245   18219 watch.go:40] Failed to load config from "/workspaces/LogiFlow/dataconnect": could not find dataconnect.yaml in `/workspaces/LogiFlow/dataconnect`
 {"metadata":{"emulator":{"name":"dataconnect"},"message":"E0901 01:49:51.139166   18219 watch.go:116] watchAllDir unable to walk dir `/workspaces/LogiFlow/dataconnect`: lstat /workspaces/LogiFlow/dataconnect: no such file or directory\nE0901 01:49:51.139245   18219 watch.go:40] Failed to load config from \"/workspaces/LogiFlow/dataconnect\": could not find dataconnect.yaml in `/workspaces/LogiFlow/dataconnect`\n"}}
[debug] [2026-09-01T01:50:01.148Z] E0901 01:50:01.148362   18219 watch.go:40] Failed to load config from "/workspaces/LogiFlow/dataconnect": could not find dataconnect.yaml in `/workspaces/LogiFlow/dataconnect`
 {"metadata":{"emulator":{"name":"dataconnect"},"message":"E0901 01:50:01.148362   18219 watch.go:40] Failed to load config from \"/workspaces/LogiFlow/dataconnect\": could not find dataconnect.yaml in `/workspaces/LogiFlow/dataconnect`\n"}}
[debug] [2026-09-01T01:50:11.148Z] E0901 01:50:11.148481   18219 watch.go:40] Failed to load config from "/workspaces/LogiFlow/dataconnect": could not find dataconnect.yaml in `/workspaces/LogiFlow/dataconnect`
 {"metadata":{"emulator":{"name":"dataconnect"},"message":"E0901 01:50:11.148481   18219 watch.go:40] Failed to load config from \"/workspaces/LogiFlow/dataconnect\": could not find dataconnect.yaml in `/workspaces/LogiFlow/dataconnect`\n"}}
[debug] [2026-09-01T01:50:21.139Z] E0901 01:50:21.139194   18219 watch.go:40] Failed to load config from "/workspaces/LogiFlow/dataconnect": could not find dataconnect.yaml in `/workspaces/LogiFlow/dataconnect`
 {"metadata":{"emulator":{"name":"dataconnect"},"message":"E0901 01:50:21.139194   18219 watch.go:40] Failed to load config from \"/workspaces/LogiFlow/dataconnect\": could not find dataconnect.yaml in `/workspaces/LogiFlow/dataconnect`\n"}}
[debug] [2026-09-01T01:50:31.139Z] E0901 01:50:31.139241   18219 watch.go:40] Failed to load config from "/workspaces/LogiFlow/dataconnect": could not find dataconnect.yaml in `/workspaces/LogiFlow/dataconnect`
 {"metadata":{"emulator":{"name":"dataconnect"},"message":"E0901 01:50:31.139241   18219 watch.go:40] Failed to load config from \"/workspaces/LogiFlow/dataconnect\": could not find dataconnect.yaml in `/workspaces/LogiFlow/dataconnect`\n"}}
[debug] [2026-09-01T01:50:41.139Z] E0901 01:50:41.139060   18219 watch.go:40] Failed to load config from "/workspaces/LogiFlow/dataconnect": could not find dataconnect.yaml in `/workspaces/LogiFlow/dataconnect`
 {"metadata":{"emulator":{"name":"dataconnect"},"message":"E0901 01:50:41.139060   18219 watch.go:40] Failed to load config from \"/workspaces/LogiFlow/dataconnect\": could not find dataconnect.yaml in `/workspaces/LogiFlow/dataconnect`\n"}}
[debug] [2026-09-01T01:50:51.139Z] E0901 01:50:51.139198   18219 watch.go:116] watchAllDir unable to walk dir `/workspaces/LogiFlow/dataconnect`: lstat /workspaces/LogiFlow/dataconnect: no such file or directory
E0901 01:50:51.139298   18219 watch.go:40] Failed to load config from "/workspaces/LogiFlow/dataconnect": could not find dataconnect.yaml in `/workspaces/LogiFlow/dataconnect`
 {"metadata":{"emulator":{"name":"dataconnect"},"message":"E0901 01:50:51.139198   18219 watch.go:116] watchAllDir unable to walk dir `/workspaces/LogiFlow/dataconnect`: lstat /workspaces/LogiFlow/dataconnect: no such file or directory\nE0901 01:50:51.139298   18219 watch.go:40] Failed to load config from \"/workspaces/LogiFlow/dataconnect\": could not find dataconnect.yaml in `/workspaces/LogiFlow/dataconnect`\n"}}
[debug] [2026-09-01T01:51:01.144Z] E0901 01:51:01.144699   18219 watch.go:40] Failed to load config from "/workspaces/LogiFlow/dataconnect": could not find dataconnect.yaml in `/workspaces/LogiFlow/dataconnect`
 {"metadata":{"emulator":{"name":"dataconnect"},"message":"E0901 01:51:01.144699   18219 watch.go:40] Failed to load config from \"/workspaces/LogiFlow/dataconnect\": could not find dataconnect.yaml in `/workspaces/LogiFlow/dataconnect`\n"}}
[debug] [2026-09-01T01:51:11.148Z] E0901 01:51:11.148063   18219 watch.go:40] Failed to load config from "/workspaces/LogiFlow/dataconnect": could not find dataconnect.yaml in `/workspaces/LogiFlow/dataconnect`
 {"metadata":{"emulator":{"name":"dataconnect"},"message":"E0901 01:51:11.148063   18219 watch.go:40] Failed to load config from \"/workspaces/LogiFlow/dataconnect\": could not find dataconnect.yaml in `/workspaces/LogiFlow/dataconnect`\n"}}
[debug] [2026-09-01T01:51:21.139Z] E0901 01:51:21.139133   18219 watch.go:40] Failed to load config from "/workspaces/LogiFlow/dataconnect": could not find dataconnect.yaml in `/workspaces/LogiFlow/dataconnect`
 {"metadata":{"emulator":{"name":"dataconnect"},"message":"E0901 01:51:21.139133   18219 watch.go:40] Failed to load config from \"/workspaces/LogiFlow/dataconnect\": could not find dataconnect.yaml in `/workspaces/LogiFlow/dataconnect`\n"}}
[debug] [2026-09-01T01:51:31.148Z] E0901 01:51:31.148228   18219 watch.go:40] Failed to load config from "/workspaces/LogiFlow/dataconnect": could not find dataconnect.yaml in `/workspaces/LogiFlow/dataconnect`
 {"metadata":{"emulator":{"name":"dataconnect"},"message":"E0901 01:51:31.148228   18219 watch.go:40] Failed to load config from \"/workspaces/LogiFlow/dataconnect\": could not find dataconnect.yaml in `/workspaces/LogiFlow/dataconnect`\n"}}
[debug] [2026-09-01T01:51:41.139Z] E0901 01:51:41.139443   18219 watch.go:40] Failed to load config from "/workspaces/LogiFlow/dataconnect": could not find dataconnect.yaml in `/workspaces/LogiFlow/dataconnect`
 {"metadata":{"emulator":{"name":"dataconnect"},"message":"E0901 01:51:41.139443   18219 watch.go:40] Failed to load config from \"/workspaces/LogiFlow/dataconnect\": could not find dataconnect.yaml in `/workspaces/LogiFlow/dataconnect`\n"}}
[debug] [2026-09-01T01:51:51.139Z] E0901 01:51:51.139640   18219 watch.go:116] watchAllDir unable to walk dir `/workspaces/LogiFlow/dataconnect`: lstat /workspaces/LogiFlow/dataconnect: no such file or directory
E0901 01:51:51.139663   18219 watch.go:40] Failed to load config from "/workspaces/LogiFlow/dataconnect": could not find dataconnect.yaml in `/workspaces/LogiFlow/dataconnect`
 {"metadata":{"emulator":{"name":"dataconnect"},"message":"E0901 01:51:51.139640   18219 watch.go:116] watchAllDir unable to walk dir `/workspaces/LogiFlow/dataconnect`: lstat /workspaces/LogiFlow/dataconnect: no such file or directory\nE0901 01:51:51.139663   18219 watch.go:40] Failed to load config from \"/workspaces/LogiFlow/dataconnect\": could not find dataconnect.yaml in `/workspaces/LogiFlow/dataconnect`\n"}}
[debug] [2026-09-01T01:52:01.148Z] E0901 01:52:01.148794   18219 watch.go:40] Failed to load config from "/workspaces/LogiFlow/dataconnect": could not find dataconnect.yaml in `/workspaces/LogiFlow/dataconnect`
 {"metadata":{"emulator":{"name":"dataconnect"},"message":"E0901 01:52:01.148794   18219 watch.go:40] Failed to load config from \"/workspaces/LogiFlow/dataconnect\": could not find dataconnect.yaml in `/workspaces/LogiFlow/dataconnect`\n"}}
[debug] [2026-09-01T01:52:11.149Z] E0901 01:52:11.148900   18219 watch.go:40] Failed to load config from "/workspaces/LogiFlow/dataconnect": could not find dataconnect.yaml in `/workspaces/LogiFlow/dataconnect`
 {"metadata":{"emulator":{"name":"dataconnect"},"message":"E0901 01:52:11.148900   18219 watch.go:40] Failed to load config from \"/workspaces/LogiFlow/dataconnect\": could not find dataconnect.yaml in `/workspaces/LogiFlow/dataconnect`\n"}}
[debug] [2026-09-01T01:52:21.139Z] E0901 01:52:21.139171   18219 watch.go:40] Failed to load config from "/workspaces/LogiFlow/dataconnect": could not find dataconnect.yaml in `/workspaces/LogiFlow/dataconnect`
 {"metadata":{"emulator":{"name":"dataconnect"},"message":"E0901 01:52:21.139171   18219 watch.go:40] Failed to load config from \"/workspaces/LogiFlow/dataconnect\": could not find dataconnect.yaml in `/workspaces/LogiFlow/dataconnect`\n"}}
[debug] [2026-09-01T01:52:31.148Z] E0901 01:52:31.148074   18219 watch.go:40] Failed to load config from "/workspaces/LogiFlow/dataconnect": could not find dataconnect.yaml in `/workspaces/LogiFlow/dataconnect`
 {"metadata":{"emulator":{"name":"dataconnect"},"message":"E0901 01:52:31.148074   18219 watch.go:40] Failed to load config from \"/workspaces/LogiFlow/dataconnect\": could not find dataconnect.yaml in `/workspaces/LogiFlow/dataconnect`\n"}}
[debug] [2026-09-01T01:52:41.139Z] E0901 01:52:41.139199   18219 watch.go:40] Failed to load config from "/workspaces/LogiFlow/dataconnect": could not find dataconnect.yaml in `/workspaces/LogiFlow/dataconnect`
 {"metadata":{"emulator":{"name":"dataconnect"},"message":"E0901 01:52:41.139199   18219 watch.go:40] Failed to load config from \"/workspaces/LogiFlow/dataconnect\": could not find dataconnect.yaml in `/workspaces/LogiFlow/dataconnect`\n"}}
[debug] [2026-09-01T01:52:51.139Z] E0901 01:52:51.139324   18219 watch.go:116] watchAllDir unable to walk dir `/workspaces/LogiFlow/dataconnect`: lstat /workspaces/LogiFlow/dataconnect: no such file or directory
E0901 01:52:51.139405   18219 watch.go:40] Failed to load config from "/workspaces/LogiFlow/dataconnect": could not find dataconnect.yaml in `/workspaces/LogiFlow/dataconnect`
 {"metadata":{"emulator":{"name":"dataconnect"},"message":"E0901 01:52:51.139324   18219 watch.go:116] watchAllDir unable to walk dir `/workspaces/LogiFlow/dataconnect`: lstat /workspaces/LogiFlow/dataconnect: no such file or directory\nE0901 01:52:51.139405   18219 watch.go:40] Failed to load config from \"/workspaces/LogiFlow/dataconnect\": could not find dataconnect.yaml in `/workspaces/LogiFlow/dataconnect`\n"}}
[debug] [2026-09-01T01:53:01.148Z] E0901 01:53:01.148069   18219 watch.go:40] Failed to load config from "/workspaces/LogiFlow/dataconnect": could not find dataconnect.yaml in `/workspaces/LogiFlow/dataconnect`
 {"metadata":{"emulator":{"name":"dataconnect"},"message":"E0901 01:53:01.148069   18219 watch.go:40] Failed to load config from \"/workspaces/LogiFlow/dataconnect\": could not find dataconnect.yaml in `/workspaces/LogiFlow/dataconnect`\n"}}
[debug] [2026-09-01T01:53:11.148Z] E0901 01:53:11.148141   18219 watch.go:40] Failed to load config from "/workspaces/LogiFlow/dataconnect": could not find dataconnect.yaml in `/workspaces/LogiFlow/dataconnect`
 {"metadata":{"emulator":{"name":"dataconnect"},"message":"E0901 01:53:11.148141   18219 watch.go:40] Failed to load config from \"/workspaces/LogiFlow/dataconnect\": could not find dataconnect.yaml in `/workspaces/LogiFlow/dataconnect`\n"}}
[debug] [2026-09-01T01:53:21.139Z] E0901 01:53:21.139304   18219 watch.go:40] Failed to load config from "/workspaces/LogiFlow/dataconnect": could not find dataconnect.yaml in `/workspaces/LogiFlow/dataconnect`
 {"metadata":{"emulator":{"name":"dataconnect"},"message":"E0901 01:53:21.139304   18219 watch.go:40] Failed to load config from \"/workspaces/LogiFlow/dataconnect\": could not find dataconnect.yaml in `/workspaces/LogiFlow/dataconnect`\n"}}
[debug] [2026-09-01T01:53:31.145Z] E0901 01:53:31.145184   18219 watch.go:40] Failed to load config from "/workspaces/LogiFlow/dataconnect": could not find dataconnect.yaml in `/workspaces/LogiFlow/dataconnect`
 {"metadata":{"emulator":{"name":"dataconnect"},"message":"E0901 01:53:31.145184   18219 watch.go:40] Failed to load config from \"/workspaces/LogiFlow/dataconnect\": could not find dataconnect.yaml in `/workspaces/LogiFlow/dataconnect`\n"}}
[debug] [2026-09-01T01:53:41.139Z] E0901 01:53:41.139012   18219 watch.go:40] Failed to load config from "/workspaces/LogiFlow/dataconnect": could not find dataconnect.yaml in `/workspaces/LogiFlow/dataconnect`
 {"metadata":{"emulator":{"name":"dataconnect"},"message":"E0901 01:53:41.139012   18219 watch.go:40] Failed to load config from \"/workspaces/LogiFlow/dataconnect\": could not find dataconnect.yaml in `/workspaces/LogiFlow/dataconnect`\n"}}
[debug] [2026-09-01T01:53:51.139Z] E0901 01:53:51.139259   18219 watch.go:116] watchAllDir unable to walk dir `/workspaces/LogiFlow/dataconnect`: lstat /workspaces/LogiFlow/dataconnect: no such file or directory
E0901 01:53:51.139323   18219 watch.go:40] Failed to load config from "/workspaces/LogiFlow/dataconnect": could not find dataconnect.yaml in `/workspaces/LogiFlow/dataconnect`
 {"metadata":{"emulator":{"name":"dataconnect"},"message":"E0901 01:53:51.139259   18219 watch.go:116] watchAllDir unable to walk dir `/workspaces/LogiFlow/dataconnect`: lstat /workspaces/LogiFlow/dataconnect: no such file or directory\nE0901 01:53:51.139323   18219 watch.go:40] Failed to load config from \"/workspaces/LogiFlow/dataconnect\": could not find dataconnect.yaml in `/workspaces/LogiFlow/dataconnect`\n"}}
[debug] [2026-09-01T09:54:47.958Z] [Firebase Plugin] Activating Firebase extension.
[debug] [2026-09-01T09:54:53.893Z] [Firebase Plugin] requireAuthWrapper
[debug] [2026-09-01T09:54:53.895Z] > command requires scopes: ["email","openid","https://www.googleapis.com/auth/cloudplatformprojects.readonly","https://www.googleapis.com/auth/firebase","https://www.googleapis.com/auth/cloud-platform"]
[debug] [2026-09-01T09:54:53.929Z] [Firebase Plugin] VSCode notification server listening on port 40001
[error] [Firebase Plugin] requireAuth error: Could not load the default credentials. Browse to https://cloud.google.com/docs/authentication/getting-started for more information.
[info] [Firebase Plugin] Starting SQL Connect toolkit (version 3.4.16) on port 50001
[debug] [2026-09-01T09:55:02.326Z] 'fdc build' failed with error: Unable to build your SQL Connect schema and connectors (exit code 1): E0901 09:55:02.323543    1422 cmd.go:43] Error loading data connect config: could not find dataconnect.yaml in `/workspaces/LogiFlow/dataconnect`
 {"metadata":{"emulator":{"name":"dataconnect"},"message":"'fdc build' failed with error: Unable to build your SQL Connect schema and connectors (exit code 1): E0901 09:55:02.323543    1422 cmd.go:43] Error loading data connect config: could not find dataconnect.yaml in `/workspaces/LogiFlow/dataconnect`\n"}}
[debug] [2026-09-01T09:55:02.327Z] Ignoring unsupported arg: auto_download {"metadata":{"emulator":{"name":"dataconnect"},"message":"Ignoring unsupported arg: auto_download"}}
[debug] [2026-09-01T09:55:02.327Z] Ignoring unsupported arg: port {"metadata":{"emulator":{"name":"dataconnect"},"message":"Ignoring unsupported arg: port"}}
[debug] [2026-09-01T09:55:02.327Z] Starting SQL Connect Emulator with command {"binary":"/home/vscode/.cache/firebase/emulators/dataconnect-emulator-3.4.16","args":["--logtostderr","-v=2","dev","--listen=localhost:50001","--config_dir=/workspaces/LogiFlow/dataconnect","--enable_output_schema_extensions=true","--enable_output_generated_sdk=true"],"optionalArgs":["listen","config_dir","enable_output_schema_extensions","enable_output_generated_sdk"],"joinArgs":true,"shell":false,"port":9399} {"metadata":{"emulator":{"name":"dataconnect"},"message":"Starting SQL Connect Emulator with command {\"binary\":\"/home/vscode/.cache/firebase/emulators/dataconnect-emulator-3.4.16\",\"args\":[\"--logtostderr\",\"-v=2\",\"dev\",\"--listen=localhost:50001\",\"--config_dir=/workspaces/LogiFlow/dataconnect\",\"--enable_output_schema_extensions=true\",\"--enable_output_generated_sdk=true\"],\"optionalArgs\":[\"listen\",\"config_dir\",\"enable_output_schema_extensions\",\"enable_output_generated_sdk\"],\"joinArgs\":true,\"shell\":false,\"port\":9399}"}}
[info] i  dataconnect: SQL Connect Emulator logging to dataconnect-debug.log {"metadata":{"emulator":{"name":"dataconnect"},"message":"SQL Connect Emulator logging to dataconnect-debug.log"}}
[debug] [2026-09-01T09:55:02.473Z] E0901 09:55:02.361029    1430 dev.go:80] Failed to load initial config from "/workspaces/LogiFlow/dataconnect": could not find dataconnect.yaml in `/workspaces/LogiFlow/dataconnect`
I0901 09:55:02.362477    1430 dev.go:101] Listening on address (HTTP + gRPC): 127.0.0.1:50001
E0901 09:55:02.361796    1430 watch.go:116] watchAllDir unable to walk dir `/workspaces/LogiFlow/dataconnect`: lstat /workspaces/LogiFlow/dataconnect: no such file or directory
 {"metadata":{"emulator":{"name":"dataconnect"},"message":"E0901 09:55:02.361029    1430 dev.go:80] Failed to load initial config from \"/workspaces/LogiFlow/dataconnect\": could not find dataconnect.yaml in `/workspaces/LogiFlow/dataconnect`\nI0901 09:55:02.362477    1430 dev.go:101] Listening on address (HTTP + gRPC): 127.0.0.1:50001\nE0901 09:55:02.361796    1430 watch.go:116] watchAllDir unable to walk dir `/workspaces/LogiFlow/dataconnect`: lstat /workspaces/LogiFlow/dataconnect: no such file or directory\n"}}
[error] [Firebase Plugin] error:  {}
[debug] [2026-09-01T09:55:12.366Z] E0901 09:55:12.366779    1430 watch.go:40] Failed to load config from "/workspaces/LogiFlow/dataconnect": could not find dataconnect.yaml in `/workspaces/LogiFlow/dataconnect`
 {"metadata":{"emulator":{"name":"dataconnect"},"message":"E0901 09:55:12.366779    1430 watch.go:40] Failed to load config from \"/workspaces/LogiFlow/dataconnect\": could not find dataconnect.yaml in `/workspaces/LogiFlow/dataconnect`\n"}}
[debug] [2026-09-01T09:55:22.368Z] E0901 09:55:22.368509    1430 watch.go:40] Failed to load config from "/workspaces/LogiFlow/dataconnect": could not find dataconnect.yaml in `/workspaces/LogiFlow/dataconnect`
 {"metadata":{"emulator":{"name":"dataconnect"},"message":"E0901 09:55:22.368509    1430 watch.go:40] Failed to load config from \"/workspaces/LogiFlow/dataconnect\": could not find dataconnect.yaml in `/workspaces/LogiFlow/dataconnect`\n"}}
[debug] [2026-09-01T09:55:32.363Z] E0901 09:55:32.363225    1430 watch.go:40] Failed to load config from "/workspaces/LogiFlow/dataconnect": could not find dataconnect.yaml in `/workspaces/LogiFlow/dataconnect`
 {"metadata":{"emulator":{"name":"dataconnect"},"message":"E0901 09:55:32.363225    1430 watch.go:40] Failed to load config from \"/workspaces/LogiFlow/dataconnect\": could not find dataconnect.yaml in `/workspaces/LogiFlow/dataconnect`\n"}}
[debug] [2026-09-01T09:55:42.372Z] E0901 09:55:42.372307    1430 watch.go:40] Failed to load config from "/workspaces/LogiFlow/dataconnect": could not find dataconnect.yaml in `/workspaces/LogiFlow/dataconnect`
 {"metadata":{"emulator":{"name":"dataconnect"},"message":"E0901 09:55:42.372307    1430 watch.go:40] Failed to load config from \"/workspaces/LogiFlow/dataconnect\": could not find dataconnect.yaml in `/workspaces/LogiFlow/dataconnect`\n"}}
[debug] [2026-09-01T09:55:52.369Z] E0901 09:55:52.368941    1430 watch.go:40] Failed to load config from "/workspaces/LogiFlow/dataconnect": could not find dataconnect.yaml in `/workspaces/LogiFlow/dataconnect`
 {"metadata":{"emulator":{"name":"dataconnect"},"message":"E0901 09:55:52.368941    1430 watch.go:40] Failed to load config from \"/workspaces/LogiFlow/dataconnect\": could not find dataconnect.yaml in `/workspaces/LogiFlow/dataconnect`\n"}}
[debug] [2026-09-01T09:56:02.364Z] E0901 09:56:02.364143    1430 watch.go:116] watchAllDir unable to walk dir `/workspaces/LogiFlow/dataconnect`: lstat /workspaces/LogiFlow/dataconnect: no such file or directory
E0901 09:56:02.364220    1430 watch.go:40] Failed to load config from "/workspaces/LogiFlow/dataconnect": could not find dataconnect.yaml in `/workspaces/LogiFlow/dataconnect`
 {"metadata":{"emulator":{"name":"dataconnect"},"message":"E0901 09:56:02.364143    1430 watch.go:116] watchAllDir unable to walk dir `/workspaces/LogiFlow/dataconnect`: lstat /workspaces/LogiFlow/dataconnect: no such file or directory\nE0901 09:56:02.364220    1430 watch.go:40] Failed to load config from \"/workspaces/LogiFlow/dataconnect\": could not find dataconnect.yaml in `/workspaces/LogiFlow/dataconnect`\n"}}
[debug] [2026-09-01T09:56:12.372Z] E0901 09:56:12.372390    1430 watch.go:40] Failed to load config from "/workspaces/LogiFlow/dataconnect": could not find dataconnect.yaml in `/workspaces/LogiFlow/dataconnect`
 {"metadata":{"emulator":{"name":"dataconnect"},"message":"E0901 09:56:12.372390    1430 watch.go:40] Failed to load config from \"/workspaces/LogiFlow/dataconnect\": could not find dataconnect.yaml in `/workspaces/LogiFlow/dataconnect`\n"}}
[debug] [2026-09-01T09:56:22.363Z] E0901 09:56:22.363276    1430 watch.go:40] Failed to load config from "/workspaces/LogiFlow/dataconnect": could not find dataconnect.yaml in `/workspaces/LogiFlow/dataconnect`
 {"metadata":{"emulator":{"name":"dataconnect"},"message":"E0901 09:56:22.363276    1430 watch.go:40] Failed to load config from \"/workspaces/LogiFlow/dataconnect\": could not find dataconnect.yaml in `/workspaces/LogiFlow/dataconnect`\n"}}
[debug] [2026-09-01T09:56:32.363Z] E0901 09:56:32.363675    1430 watch.go:40] Failed to load config from "/workspaces/LogiFlow/dataconnect": could not find dataconnect.yaml in `/workspaces/LogiFlow/dataconnect`
 {"metadata":{"emulator":{"name":"dataconnect"},"message":"E0901 09:56:32.363675    1430 watch.go:40] Failed to load config from \"/workspaces/LogiFlow/dataconnect\": could not find dataconnect.yaml in `/workspaces/LogiFlow/dataconnect`\n"}}
[debug] [2026-09-01T09:56:42.369Z] E0901 09:56:42.369683    1430 watch.go:40] Failed to load config from "/workspaces/LogiFlow/dataconnect": could not find dataconnect.yaml in `/workspaces/LogiFlow/dataconnect`
 {"metadata":{"emulator":{"name":"dataconnect"},"message":"E0901 09:56:42.369683    1430 watch.go:40] Failed to load config from \"/workspaces/LogiFlow/dataconnect\": could not find dataconnect.yaml in `/workspaces/LogiFlow/dataconnect`\n"}}
[debug] [2026-09-01T09:56:52.369Z] E0901 09:56:52.368832    1430 watch.go:40] Failed to load config from "/workspaces/LogiFlow/dataconnect": could not find dataconnect.yaml in `/workspaces/LogiFlow/dataconnect`
 {"metadata":{"emulator":{"name":"dataconnect"},"message":"E0901 09:56:52.368832    1430 watch.go:40] Failed to load config from \"/workspaces/LogiFlow/dataconnect\": could not find dataconnect.yaml in `/workspaces/LogiFlow/dataconnect`\n"}}
[debug] [2026-09-01T09:57:02.364Z] E0901 09:57:02.364169    1430 watch.go:116] watchAllDir unable to walk dir `/workspaces/LogiFlow/dataconnect`: lstat /workspaces/LogiFlow/dataconnect: no such file or directory
E0901 09:57:02.364235    1430 watch.go:40] Failed to load config from "/workspaces/LogiFlow/dataconnect": could not find dataconnect.yaml in `/workspaces/LogiFlow/dataconnect`
 {"metadata":{"emulator":{"name":"dataconnect"},"message":"E0901 09:57:02.364169    1430 watch.go:116] watchAllDir unable to walk dir `/workspaces/LogiFlow/dataconnect`: lstat /workspaces/LogiFlow/dataconnect: no such file or directory\nE0901 09:57:02.364235    1430 watch.go:40] Failed to load config from \"/workspaces/LogiFlow/dataconnect\": could not find dataconnect.yaml in `/workspaces/LogiFlow/dataconnect`\n"}}
[debug] [2026-09-01T09:57:12.363Z] E0901 09:57:12.363511    1430 watch.go:40] Failed to load config from "/workspaces/LogiFlow/dataconnect": could not find dataconnect.yaml in `/workspaces/LogiFlow/dataconnect`
 {"metadata":{"emulator":{"name":"dataconnect"},"message":"E0901 09:57:12.363511    1430 watch.go:40] Failed to load config from \"/workspaces/LogiFlow/dataconnect\": could not find dataconnect.yaml in `/workspaces/LogiFlow/dataconnect`\n"}}
[debug] [2026-09-01T09:57:22.363Z] E0901 09:57:22.363496    1430 watch.go:40] Failed to load config from "/workspaces/LogiFlow/dataconnect": could not find dataconnect.yaml in `/workspaces/LogiFlow/dataconnect`
 {"metadata":{"emulator":{"name":"dataconnect"},"message":"E0901 09:57:22.363496    1430 watch.go:40] Failed to load config from \"/workspaces/LogiFlow/dataconnect\": could not find dataconnect.yaml in `/workspaces/LogiFlow/dataconnect`\n"}}
[debug] [2026-09-01T09:57:32.363Z] E0901 09:57:32.363687    1430 watch.go:40] Failed to load config from "/workspaces/LogiFlow/dataconnect": could not find dataconnect.yaml in `/workspaces/LogiFlow/dataconnect`
 {"metadata":{"emulator":{"name":"dataconnect"},"message":"E0901 09:57:32.363687    1430 watch.go:40] Failed to load config from \"/workspaces/LogiFlow/dataconnect\": could not find dataconnect.yaml in `/workspaces/LogiFlow/dataconnect`\n"}}
[debug] [2026-09-01T09:57:42.363Z] E0901 09:57:42.363270    1430 watch.go:40] Failed to load config from "/workspaces/LogiFlow/dataconnect": could not find dataconnect.yaml in `/workspaces/LogiFlow/dataconnect`
 {"metadata":{"emulator":{"name":"dataconnect"},"message":"E0901 09:57:42.363270    1430 watch.go:40] Failed to load config from \"/workspaces/LogiFlow/dataconnect\": could not find dataconnect.yaml in `/workspaces/LogiFlow/dataconnect`\n"}}
[debug] [2026-09-01T09:57:52.372Z] E0901 09:57:52.372381    1430 watch.go:40] Failed to load config from "/workspaces/LogiFlow/dataconnect": could not find dataconnect.yaml in `/workspaces/LogiFlow/dataconnect`
 {"metadata":{"emulator":{"name":"dataconnect"},"message":"E0901 09:57:52.372381    1430 watch.go:40] Failed to load config from \"/workspaces/LogiFlow/dataconnect\": could not find dataconnect.yaml in `/workspaces/LogiFlow/dataconnect`\n"}}
[debug] [2026-09-01T09:58:02.363Z] E0901 09:58:02.363694    1430 watch.go:116] watchAllDir unable to walk dir `/workspaces/LogiFlow/dataconnect`: lstat /workspaces/LogiFlow/dataconnect: no such file or directory
E0901 09:58:02.363817    1430 watch.go:40] Failed to load config from "/workspaces/LogiFlow/dataconnect": could not find dataconnect.yaml in `/workspaces/LogiFlow/dataconnect`
 {"metadata":{"emulator":{"name":"dataconnect"},"message":"E0901 09:58:02.363694    1430 watch.go:116] watchAllDir unable to walk dir `/workspaces/LogiFlow/dataconnect`: lstat /workspaces/LogiFlow/dataconnect: no such file or directory\nE0901 09:58:02.363817    1430 watch.go:40] Failed to load config from \"/workspaces/LogiFlow/dataconnect\": could not find dataconnect.yaml in `/workspaces/LogiFlow/dataconnect`\n"}}
[debug] [2026-09-01T09:58:12.372Z] E0901 09:58:12.372396    1430 watch.go:40] Failed to load config from "/workspaces/LogiFlow/dataconnect": could not find dataconnect.yaml in `/workspaces/LogiFlow/dataconnect`
 {"metadata":{"emulator":{"name":"dataconnect"},"message":"E0901 09:58:12.372396    1430 watch.go:40] Failed to load config from \"/workspaces/LogiFlow/dataconnect\": could not find dataconnect.yaml in `/workspaces/LogiFlow/dataconnect`\n"}}
[debug] [2026-09-01T09:58:22.363Z] E0901 09:58:22.363707    1430 watch.go:40] Failed to load config from "/workspaces/LogiFlow/dataconnect": could not find dataconnect.yaml in `/workspaces/LogiFlow/dataconnect`
 {"metadata":{"emulator":{"name":"dataconnect"},"message":"E0901 09:58:22.363707    1430 watch.go:40] Failed to load config from \"/workspaces/LogiFlow/dataconnect\": could not find dataconnect.yaml in `/workspaces/LogiFlow/dataconnect`\n"}}
[debug] [2026-09-01T09:58:32.364Z] E0901 09:58:32.363915    1430 watch.go:40] Failed to load config from "/workspaces/LogiFlow/dataconnect": could not find dataconnect.yaml in `/workspaces/LogiFlow/dataconnect`
 {"metadata":{"emulator":{"name":"dataconnect"},"message":"E0901 09:58:32.363915    1430 watch.go:40] Failed to load config from \"/workspaces/LogiFlow/dataconnect\": could not find dataconnect.yaml in `/workspaces/LogiFlow/dataconnect`\n"}}
[debug] [2026-09-01T09:58:42.373Z] E0901 09:58:42.373022    1430 watch.go:40] Failed to load config from "/workspaces/LogiFlow/dataconnect": could not find dataconnect.yaml in `/workspaces/LogiFlow/dataconnect`
 {"metadata":{"emulator":{"name":"dataconnect"},"message":"E0901 09:58:42.373022    1430 watch.go:40] Failed to load config from \"/workspaces/LogiFlow/dataconnect\": could not find dataconnect.yaml in `/workspaces/LogiFlow/dataconnect`\n"}}
[debug] [2026-09-01T09:58:52.366Z] E0901 09:58:52.366480    1430 watch.go:40] Failed to load config from "/workspaces/LogiFlow/dataconnect": could not find dataconnect.yaml in `/workspaces/LogiFlow/dataconnect`
 {"metadata":{"emulator":{"name":"dataconnect"},"message":"E0901 09:58:52.366480    1430 watch.go:40] Failed to load config from \"/workspaces/LogiFlow/dataconnect\": could not find dataconnect.yaml in `/workspaces/LogiFlow/dataconnect`\n"}}
[debug] [2026-09-01T09:59:02.363Z] E0901 09:59:02.363744    1430 watch.go:116] watchAllDir unable to walk dir `/workspaces/LogiFlow/dataconnect`: lstat /workspaces/LogiFlow/dataconnect: no such file or directory
E0901 09:59:02.363820    1430 watch.go:40] Failed to load config from "/workspaces/LogiFlow/dataconnect": could not find dataconnect.yaml in `/workspaces/LogiFlow/dataconnect`
 {"metadata":{"emulator":{"name":"dataconnect"},"message":"E0901 09:59:02.363744    1430 watch.go:116] watchAllDir unable to walk dir `/workspaces/LogiFlow/dataconnect`: lstat /workspaces/LogiFlow/dataconnect: no such file or directory\nE0901 09:59:02.363820    1430 watch.go:40] Failed to load config from \"/workspaces/LogiFlow/dataconnect\": could not find dataconnect.yaml in `/workspaces/LogiFlow/dataconnect`\n"}}
[debug] [2026-09-01T09:59:12.369Z] E0901 09:59:12.368965    1430 watch.go:40] Failed to load config from "/workspaces/LogiFlow/dataconnect": could not find dataconnect.yaml in `/workspaces/LogiFlow/dataconnect`
 {"metadata":{"emulator":{"name":"dataconnect"},"message":"E0901 09:59:12.368965    1430 watch.go:40] Failed to load config from \"/workspaces/LogiFlow/dataconnect\": could not find dataconnect.yaml in `/workspaces/LogiFlow/dataconnect`\n"}}
[debug] [2026-09-01T09:59:22.363Z] E0901 09:59:22.363525    1430 watch.go:40] Failed to load config from "/workspaces/LogiFlow/dataconnect": could not find dataconnect.yaml in `/workspaces/LogiFlow/dataconnect`
 {"metadata":{"emulator":{"name":"dataconnect"},"message":"E0901 09:59:22.363525    1430 watch.go:40] Failed to load config from \"/workspaces/LogiFlow/dataconnect\": could not find dataconnect.yaml in `/workspaces/LogiFlow/dataconnect`\n"}}
[debug] [2026-09-01T09:59:32.363Z] E0901 09:59:32.363166    1430 watch.go:40] Failed to load config from "/workspaces/LogiFlow/dataconnect": could not find dataconnect.yaml in `/workspaces/LogiFlow/dataconnect`
 {"metadata":{"emulator":{"name":"dataconnect"},"message":"E0901 09:59:32.363166    1430 watch.go:40] Failed to load config from \"/workspaces/LogiFlow/dataconnect\": could not find dataconnect.yaml in `/workspaces/LogiFlow/dataconnect`\n"}}
[debug] [2026-09-01T09:59:42.363Z] E0901 09:59:42.363272    1430 watch.go:40] Failed to load config from "/workspaces/LogiFlow/dataconnect": could not find dataconnect.yaml in `/workspaces/LogiFlow/dataconnect`
 {"metadata":{"emulator":{"name":"dataconnect"},"message":"E0901 09:59:42.363272    1430 watch.go:40] Failed to load config from \"/workspaces/LogiFlow/dataconnect\": could not find dataconnect.yaml in `/workspaces/LogiFlow/dataconnect`\n"}}
[debug] [2026-09-01T09:59:52.372Z] E0901 09:59:52.372357    1430 watch.go:40] Failed to load config from "/workspaces/LogiFlow/dataconnect": could not find dataconnect.yaml in `/workspaces/LogiFlow/dataconnect`
 {"metadata":{"emulator":{"name":"dataconnect"},"message":"E0901 09:59:52.372357    1430 watch.go:40] Failed to load config from \"/workspaces/LogiFlow/dataconnect\": could not find dataconnect.yaml in `/workspaces/LogiFlow/dataconnect`\n"}}
[debug] [2026-09-01T10:00:02.363Z] E0901 10:00:02.363392    1430 watch.go:40] Failed to load config from "/workspaces/LogiFlow/dataconnect": could not find dataconnect.yaml in `/workspaces/LogiFlow/dataconnect`
E0901 10:00:02.363368    1430 watch.go:116] watchAllDir unable to walk dir `/workspaces/LogiFlow/dataconnect`: lstat /workspaces/LogiFlow/dataconnect: no such file or directory
 {"metadata":{"emulator":{"name":"dataconnect"},"message":"E0901 10:00:02.363392    1430 watch.go:40] Failed to load config from \"/workspaces/LogiFlow/dataconnect\": could not find dataconnect.yaml in `/workspaces/LogiFlow/dataconnect`\nE0901 10:00:02.363368    1430 watch.go:116] watchAllDir unable to walk dir `/workspaces/LogiFlow/dataconnect`: lstat /workspaces/LogiFlow/dataconnect: no such file or directory\n"}}
[debug] [2026-09-01T10:00:12.372Z] E0901 10:00:12.372523    1430 watch.go:40] Failed to load config from "/workspaces/LogiFlow/dataconnect": could not find dataconnect.yaml in `/workspaces/LogiFlow/dataconnect`
 {"metadata":{"emulator":{"name":"dataconnect"},"message":"E0901 10:00:12.372523    1430 watch.go:40] Failed to load config from \"/workspaces/LogiFlow/dataconnect\": could not find dataconnect.yaml in `/workspaces/LogiFlow/dataconnect`\n"}}
[debug] [2026-09-01T10:00:22.372Z] E0901 10:00:22.372620    1430 watch.go:40] Failed to load config from "/workspaces/LogiFlow/dataconnect": could not find dataconnect.yaml in `/workspaces/LogiFlow/dataconnect`
 {"metadata":{"emulator":{"name":"dataconnect"},"message":"E0901 10:00:22.372620    1430 watch.go:40] Failed to load config from \"/workspaces/LogiFlow/dataconnect\": could not find dataconnect.yaml in `/workspaces/LogiFlow/dataconnect`\n"}}
[debug] [2026-09-01T10:00:32.364Z] E0901 10:00:32.363976    1430 watch.go:40] Failed to load config from "/workspaces/LogiFlow/dataconnect": could not find dataconnect.yaml in `/workspaces/LogiFlow/dataconnect`
 {"metadata":{"emulator":{"name":"dataconnect"},"message":"E0901 10:00:32.363976    1430 watch.go:40] Failed to load config from \"/workspaces/LogiFlow/dataconnect\": could not find dataconnect.yaml in `/workspaces/LogiFlow/dataconnect`\n"}}
[debug] [2026-09-01T10:00:42.373Z] E0901 10:00:42.373053    1430 watch.go:40] Failed to load config from "/workspaces/LogiFlow/dataconnect": could not find dataconnect.yaml in `/workspaces/LogiFlow/dataconnect`
 {"metadata":{"emulator":{"name":"dataconnect"},"message":"E0901 10:00:42.373053    1430 watch.go:40] Failed to load config from \"/workspaces/LogiFlow/dataconnect\": could not find dataconnect.yaml in `/workspaces/LogiFlow/dataconnect`\n"}}
[debug] [2026-09-01T10:00:52.373Z] E0901 10:00:52.373137    1430 watch.go:40] Failed to load config from "/workspaces/LogiFlow/dataconnect": could not find dataconnect.yaml in `/workspaces/LogiFlow/dataconnect`
 {"metadata":{"emulator":{"name":"dataconnect"},"message":"E0901 10:00:52.373137    1430 watch.go:40] Failed to load config from \"/workspaces/LogiFlow/dataconnect\": could not find dataconnect.yaml in `/workspaces/LogiFlow/dataconnect`\n"}}
[debug] [2026-09-01T10:01:02.363Z] E0901 10:01:02.363452    1430 watch.go:116] watchAllDir unable to walk dir `/workspaces/LogiFlow/dataconnect`: lstat /workspaces/LogiFlow/dataconnect: no such file or directory
E0901 10:01:02.363516    1430 watch.go:40] Failed to load config from "/workspaces/LogiFlow/dataconnect": could not find dataconnect.yaml in `/workspaces/LogiFlow/dataconnect`
 {"metadata":{"emulator":{"name":"dataconnect"},"message":"E0901 10:01:02.363452    1430 watch.go:116] watchAllDir unable to walk dir `/workspaces/LogiFlow/dataconnect`: lstat /workspaces/LogiFlow/dataconnect: no such file or directory\nE0901 10:01:02.363516    1430 watch.go:40] Failed to load config from \"/workspaces/LogiFlow/dataconnect\": could not find dataconnect.yaml in `/workspaces/LogiFlow/dataconnect`\n"}}
[debug] [2026-09-01T10:01:12.372Z] E0901 10:01:12.372696    1430 watch.go:40] Failed to load config from "/workspaces/LogiFlow/dataconnect": could not find dataconnect.yaml in `/workspaces/LogiFlow/dataconnect`
 {"metadata":{"emulator":{"name":"dataconnect"},"message":"E0901 10:01:12.372696    1430 watch.go:40] Failed to load config from \"/workspaces/LogiFlow/dataconnect\": could not find dataconnect.yaml in `/workspaces/LogiFlow/dataconnect`\n"}}
[debug] [2026-09-01T10:01:22.369Z] E0901 10:01:22.369446    1430 watch.go:40] Failed to load config from "/workspaces/LogiFlow/dataconnect": could not find dataconnect.yaml in `/workspaces/LogiFlow/dataconnect`
 {"metadata":{"emulator":{"name":"dataconnect"},"message":"E0901 10:01:22.369446    1430 watch.go:40] Failed to load config from \"/workspaces/LogiFlow/dataconnect\": could not find dataconnect.yaml in `/workspaces/LogiFlow/dataconnect`\n"}}
[debug] [2026-09-01T10:01:32.363Z] E0901 10:01:32.363189    1430 watch.go:40] Failed to load config from "/workspaces/LogiFlow/dataconnect": could not find dataconnect.yaml in `/workspaces/LogiFlow/dataconnect`
 {"metadata":{"emulator":{"name":"dataconnect"},"message":"E0901 10:01:32.363189    1430 watch.go:40] Failed to load config from \"/workspaces/LogiFlow/dataconnect\": could not find dataconnect.yaml in `/workspaces/LogiFlow/dataconnect`\n"}}
[debug] [2026-09-01T10:01:42.369Z] E0901 10:01:42.369672    1430 watch.go:40] Failed to load config from "/workspaces/LogiFlow/dataconnect": could not find dataconnect.yaml in `/workspaces/LogiFlow/dataconnect`
 {"metadata":{"emulator":{"name":"dataconnect"},"message":"E0901 10:01:42.369672    1430 watch.go:40] Failed to load config from \"/workspaces/LogiFlow/dataconnect\": could not find dataconnect.yaml in `/workspaces/LogiFlow/dataconnect`\n"}}
[debug] [2026-09-01T10:01:52.369Z] E0901 10:01:52.369546    1430 watch.go:40] Failed to load config from "/workspaces/LogiFlow/dataconnect": could not find dataconnect.yaml in `/workspaces/LogiFlow/dataconnect`
 {"metadata":{"emulator":{"name":"dataconnect"},"message":"E0901 10:01:52.369546    1430 watch.go:40] Failed to load config from \"/workspaces/LogiFlow/dataconnect\": could not find dataconnect.yaml in `/workspaces/LogiFlow/dataconnect`\n"}}
[debug] [2026-09-01T10:02:02.364Z] E0901 10:02:02.363878    1430 watch.go:116] watchAllDir unable to walk dir `/workspaces/LogiFlow/dataconnect`: lstat /workspaces/LogiFlow/dataconnect: no such file or directory
E0901 10:02:02.363996    1430 watch.go:40] Failed to load config from "/workspaces/LogiFlow/dataconnect": could not find dataconnect.yaml in `/workspaces/LogiFlow/dataconnect`
 {"metadata":{"emulator":{"name":"dataconnect"},"message":"E0901 10:02:02.363878    1430 watch.go:116] watchAllDir unable to walk dir `/workspaces/LogiFlow/dataconnect`: lstat /workspaces/LogiFlow/dataconnect: no such file or directory\nE0901 10:02:02.363996    1430 watch.go:40] Failed to load config from \"/workspaces/LogiFlow/dataconnect\": could not find dataconnect.yaml in `/workspaces/LogiFlow/dataconnect`\n"}}
[debug] [2026-09-01T10:02:12.373Z] E0901 10:02:12.373082    1430 watch.go:40] Failed to load config from "/workspaces/LogiFlow/dataconnect": could not find dataconnect.yaml in `/workspaces/LogiFlow/dataconnect`
 {"metadata":{"emulator":{"name":"dataconnect"},"message":"E0901 10:02:12.373082    1430 watch.go:40] Failed to load config from \"/workspaces/LogiFlow/dataconnect\": could not find dataconnect.yaml in `/workspaces/LogiFlow/dataconnect`\n"}}
[debug] [2026-09-01T10:02:22.363Z] E0901 10:02:22.363274    1430 watch.go:40] Failed to load config from "/workspaces/LogiFlow/dataconnect": could not find dataconnect.yaml in `/workspaces/LogiFlow/dataconnect`
 {"metadata":{"emulator":{"name":"dataconnect"},"message":"E0901 10:02:22.363274    1430 watch.go:40] Failed to load config from \"/workspaces/LogiFlow/dataconnect\": could not find dataconnect.yaml in `/workspaces/LogiFlow/dataconnect`\n"}}
[debug] [2026-09-01T10:02:32.363Z] E0901 10:02:32.363683    1430 watch.go:40] Failed to load config from "/workspaces/LogiFlow/dataconnect": could not find dataconnect.yaml in `/workspaces/LogiFlow/dataconnect`
 {"metadata":{"emulator":{"name":"dataconnect"},"message":"E0901 10:02:32.363683    1430 watch.go:40] Failed to load config from \"/workspaces/LogiFlow/dataconnect\": could not find dataconnect.yaml in `/workspaces/LogiFlow/dataconnect`\n"}}
[debug] [2026-09-01T10:02:42.369Z] E0901 10:02:42.368806    1430 watch.go:40] Failed to load config from "/workspaces/LogiFlow/dataconnect": could not find dataconnect.yaml in `/workspaces/LogiFlow/dataconnect`
 {"metadata":{"emulator":{"name":"dataconnect"},"message":"E0901 10:02:42.368806    1430 watch.go:40] Failed to load config from \"/workspaces/LogiFlow/dataconnect\": could not find dataconnect.yaml in `/workspaces/LogiFlow/dataconnect`\n"}}
[debug] [2026-09-01T10:02:52.369Z] E0901 10:02:52.369731    1430 watch.go:40] Failed to load config from "/workspaces/LogiFlow/dataconnect": could not find dataconnect.yaml in `/workspaces/LogiFlow/dataconnect`
 {"metadata":{"emulator":{"name":"dataconnect"},"message":"E0901 10:02:52.369731    1430 watch.go:40] Failed to load config from \"/workspaces/LogiFlow/dataconnect\": could not find dataconnect.yaml in `/workspaces/LogiFlow/dataconnect`\n"}}
[debug] [2026-09-01T10:03:02.364Z] E0901 10:03:02.363892    1430 watch.go:116] watchAllDir unable to walk dir `/workspaces/LogiFlow/dataconnect`: lstat /workspaces/LogiFlow/dataconnect: no such file or directory
E0901 10:03:02.363918    1430 watch.go:40] Failed to load config from "/workspaces/LogiFlow/dataconnect": could not find dataconnect.yaml in `/workspaces/LogiFlow/dataconnect`
 {"metadata":{"emulator":{"name":"dataconnect"},"message":"E0901 10:03:02.363892    1430 watch.go:116] watchAllDir unable to walk dir `/workspaces/LogiFlow/dataconnect`: lstat /workspaces/LogiFlow/dataconnect: no such file or directory\nE0901 10:03:02.363918    1430 watch.go:40] Failed to load config from \"/workspaces/LogiFlow/dataconnect\": could not find dataconnect.yaml in `/workspaces/LogiFlow/dataconnect`\n"}}
[debug] [2026-09-01T10:03:12.369Z] E0901 10:03:12.369341    1430 watch.go:40] Failed to load config from "/workspaces/LogiFlow/dataconnect": could not find dataconnect.yaml in `/workspaces/LogiFlow/dataconnect`
 {"metadata":{"emulator":{"name":"dataconnect"},"message":"E0901 10:03:12.369341    1430 watch.go:40] Failed to load config from \"/workspaces/LogiFlow/dataconnect\": could not find dataconnect.yaml in `/workspaces/LogiFlow/dataconnect`\n"}}
[debug] [2026-09-01T10:03:22.367Z] E0901 10:03:22.366872    1430 watch.go:40] Failed to load config from "/workspaces/LogiFlow/dataconnect": could not find dataconnect.yaml in `/workspaces/LogiFlow/dataconnect`
 {"metadata":{"emulator":{"name":"dataconnect"},"message":"E0901 10:03:22.366872    1430 watch.go:40] Failed to load config from \"/workspaces/LogiFlow/dataconnect\": could not find dataconnect.yaml in `/workspaces/LogiFlow/dataconnect`\n"}}
[debug] [2026-09-01T10:03:32.363Z] E0901 10:03:32.363491    1430 watch.go:40] Failed to load config from "/workspaces/LogiFlow/dataconnect": could not find dataconnect.yaml in `/workspaces/LogiFlow/dataconnect`
 {"metadata":{"emulator":{"name":"dataconnect"},"message":"E0901 10:03:32.363491    1430 watch.go:40] Failed to load config from \"/workspaces/LogiFlow/dataconnect\": could not find dataconnect.yaml in `/workspaces/LogiFlow/dataconnect`\n"}}
[debug] [2026-09-01T10:03:42.363Z] E0901 10:03:42.363364    1430 watch.go:40] Failed to load config from "/workspaces/LogiFlow/dataconnect": could not find dataconnect.yaml in `/workspaces/LogiFlow/dataconnect`
 {"metadata":{"emulator":{"name":"dataconnect"},"message":"E0901 10:03:42.363364    1430 watch.go:40] Failed to load config from \"/workspaces/LogiFlow/dataconnect\": could not find dataconnect.yaml in `/workspaces/LogiFlow/dataconnect`\n"}}
[debug] [2026-09-01T10:03:52.372Z] E0901 10:03:52.372733    1430 watch.go:40] Failed to load config from "/workspaces/LogiFlow/dataconnect": could not find dataconnect.yaml in `/workspaces/LogiFlow/dataconnect`
 {"metadata":{"emulator":{"name":"dataconnect"},"message":"E0901 10:03:52.372733    1430 watch.go:40] Failed to load config from \"/workspaces/LogiFlow/dataconnect\": could not find dataconnect.yaml in `/workspaces/LogiFlow/dataconnect`\n"}}
[debug] [2026-09-01T10:04:02.364Z] E0901 10:04:02.363915    1430 watch.go:116] watchAllDir unable to walk dir `/workspaces/LogiFlow/dataconnect`: lstat /workspaces/LogiFlow/dataconnect: no such file or directory
E0901 10:04:02.363996    1430 watch.go:40] Failed to load config from "/workspaces/LogiFlow/dataconnect": could not find dataconnect.yaml in `/workspaces/LogiFlow/dataconnect`
 {"metadata":{"emulator":{"name":"dataconnect"},"message":"E0901 10:04:02.363915    1430 watch.go:116] watchAllDir unable to walk dir `/workspaces/LogiFlow/dataconnect`: lstat /workspaces/LogiFlow/dataconnect: no such file or directory\nE0901 10:04:02.363996    1430 watch.go:40] Failed to load config from \"/workspaces/LogiFlow/dataconnect\": could not find dataconnect.yaml in `/workspaces/LogiFlow/dataconnect`\n"}}
[debug] [2026-09-01T10:04:12.366Z] E0901 10:04:12.366457    1430 watch.go:40] Failed to load config from "/workspaces/LogiFlow/dataconnect": could not find dataconnect.yaml in `/workspaces/LogiFlow/dataconnect`
 {"metadata":{"emulator":{"name":"dataconnect"},"message":"E0901 10:04:12.366457    1430 watch.go:40] Failed to load config from \"/workspaces/LogiFlow/dataconnect\": could not find dataconnect.yaml in `/workspaces/LogiFlow/dataconnect`\n"}}
[debug] [2026-09-01T10:04:22.372Z] E0901 10:04:22.372536    1430 watch.go:40] Failed to load config from "/workspaces/LogiFlow/dataconnect": could not find dataconnect.yaml in `/workspaces/LogiFlow/dataconnect`
 {"metadata":{"emulator":{"name":"dataconnect"},"message":"E0901 10:04:22.372536    1430 watch.go:40] Failed to load config from \"/workspaces/LogiFlow/dataconnect\": could not find dataconnect.yaml in `/workspaces/LogiFlow/dataconnect`\n"}}
[debug] [2026-09-01T10:04:32.364Z] E0901 10:04:32.363874    1430 watch.go:40] Failed to load config from "/workspaces/LogiFlow/dataconnect": could not find dataconnect.yaml in `/workspaces/LogiFlow/dataconnect`
 {"metadata":{"emulator":{"name":"dataconnect"},"message":"E0901 10:04:32.363874    1430 watch.go:40] Failed to load config from \"/workspaces/LogiFlow/dataconnect\": could not find dataconnect.yaml in `/workspaces/LogiFlow/dataconnect`\n"}}
[debug] [2026-09-01T10:04:42.363Z] E0901 10:04:42.363254    1430 watch.go:40] Failed to load config from "/workspaces/LogiFlow/dataconnect": could not find dataconnect.yaml in `/workspaces/LogiFlow/dataconnect`
 {"metadata":{"emulator":{"name":"dataconnect"},"message":"E0901 10:04:42.363254    1430 watch.go:40] Failed to load config from \"/workspaces/LogiFlow/dataconnect\": could not find dataconnect.yaml in `/workspaces/LogiFlow/dataconnect`\n"}}
[debug] [2026-09-01T10:04:52.372Z] E0901 10:04:52.372378    1430 watch.go:40] Failed to load config from "/workspaces/LogiFlow/dataconnect": could not find dataconnect.yaml in `/workspaces/LogiFlow/dataconnect`
 {"metadata":{"emulator":{"name":"dataconnect"},"message":"E0901 10:04:52.372378    1430 watch.go:40] Failed to load config from \"/workspaces/LogiFlow/dataconnect\": could not find dataconnect.yaml in `/workspaces/LogiFlow/dataconnect`\n"}}
[debug] [2026-09-01T10:05:02.363Z] E0901 10:05:02.363529    1430 watch.go:116] watchAllDir unable to walk dir `/workspaces/LogiFlow/dataconnect`: lstat /workspaces/LogiFlow/dataconnect: no such file or directory
E0901 10:05:02.363616    1430 watch.go:40] Failed to load config from "/workspaces/LogiFlow/dataconnect": could not find dataconnect.yaml in `/workspaces/LogiFlow/dataconnect`
 {"metadata":{"emulator":{"name":"dataconnect"},"message":"E0901 10:05:02.363529    1430 watch.go:116] watchAllDir unable to walk dir `/workspaces/LogiFlow/dataconnect`: lstat /workspaces/LogiFlow/dataconnect: no such file or directory\nE0901 10:05:02.363616    1430 watch.go:40] Failed to load config from \"/workspaces/LogiFlow/dataconnect\": could not find dataconnect.yaml in `/workspaces/LogiFlow/dataconnect`\n"}}
[debug] [2026-09-01T10:05:12.372Z] E0901 10:05:12.372449    1430 watch.go:40] Failed to load config from "/workspaces/LogiFlow/dataconnect": could not find dataconnect.yaml in `/workspaces/LogiFlow/dataconnect`
 {"metadata":{"emulator":{"name":"dataconnect"},"message":"E0901 10:05:12.372449    1430 watch.go:40] Failed to load config from \"/workspaces/LogiFlow/dataconnect\": could not find dataconnect.yaml in `/workspaces/LogiFlow/dataconnect`\n"}}
[debug] [2026-09-01T10:05:22.372Z] E0901 10:05:22.372419    1430 watch.go:40] Failed to load config from "/workspaces/LogiFlow/dataconnect": could not find dataconnect.yaml in `/workspaces/LogiFlow/dataconnect`
 {"metadata":{"emulator":{"name":"dataconnect"},"message":"E0901 10:05:22.372419    1430 watch.go:40] Failed to load config from \"/workspaces/LogiFlow/dataconnect\": could not find dataconnect.yaml in `/workspaces/LogiFlow/dataconnect`\n"}}
[debug] [2026-09-01T10:05:32.363Z] E0901 10:05:32.363639    1430 watch.go:40] Failed to load config from "/workspaces/LogiFlow/dataconnect": could not find dataconnect.yaml in `/workspaces/LogiFlow/dataconnect`
 {"metadata":{"emulator":{"name":"dataconnect"},"message":"E0901 10:05:32.363639    1430 watch.go:40] Failed to load config from \"/workspaces/LogiFlow/dataconnect\": could not find dataconnect.yaml in `/workspaces/LogiFlow/dataconnect`\n"}}
[debug] [2026-09-01T10:05:42.363Z] E0901 10:05:42.363527    1430 watch.go:40] Failed to load config from "/workspaces/LogiFlow/dataconnect": could not find dataconnect.yaml in `/workspaces/LogiFlow/dataconnect`
 {"metadata":{"emulator":{"name":"dataconnect"},"message":"E0901 10:05:42.363527    1430 watch.go:40] Failed to load config from \"/workspaces/LogiFlow/dataconnect\": could not find dataconnect.yaml in `/workspaces/LogiFlow/dataconnect`\n"}}
[debug] [2026-09-01T10:05:52.363Z] E0901 10:05:52.363290    1430 watch.go:40] Failed to load config from "/workspaces/LogiFlow/dataconnect": could not find dataconnect.yaml in `/workspaces/LogiFlow/dataconnect`
 {"metadata":{"emulator":{"name":"dataconnect"},"message":"E0901 10:05:52.363290    1430 watch.go:40] Failed to load config from \"/workspaces/LogiFlow/dataconnect\": could not find dataconnect.yaml in `/workspaces/LogiFlow/dataconnect`\n"}}
[debug] [2026-09-01T10:06:02.363Z] E0901 10:06:02.363580    1430 watch.go:116] watchAllDir unable to walk dir `/workspaces/LogiFlow/dataconnect`: lstat /workspaces/LogiFlow/dataconnect: no such file or directory
E0901 10:06:02.363676    1430 watch.go:40] Failed to load config from "/workspaces/LogiFlow/dataconnect": could not find dataconnect.yaml in `/workspaces/LogiFlow/dataconnect`
 {"metadata":{"emulator":{"name":"dataconnect"},"message":"E0901 10:06:02.363580    1430 watch.go:116] watchAllDir unable to walk dir `/workspaces/LogiFlow/dataconnect`: lstat /workspaces/LogiFlow/dataconnect: no such file or directory\nE0901 10:06:02.363676    1430 watch.go:40] Failed to load config from \"/workspaces/LogiFlow/dataconnect\": could not find dataconnect.yaml in `/workspaces/LogiFlow/dataconnect`\n"}}
[debug] [2026-09-01T10:06:12.364Z] E0901 10:06:12.363820    1430 watch.go:40] Failed to load config from "/workspaces/LogiFlow/dataconnect": could not find dataconnect.yaml in `/workspaces/LogiFlow/dataconnect`
 {"metadata":{"emulator":{"name":"dataconnect"},"message":"E0901 10:06:12.363820    1430 watch.go:40] Failed to load config from \"/workspaces/LogiFlow/dataconnect\": could not find dataconnect.yaml in `/workspaces/LogiFlow/dataconnect`\n"}}
[debug] [2026-09-01T10:06:22.369Z] E0901 10:06:22.368942    1430 watch.go:40] Failed to load config from "/workspaces/LogiFlow/dataconnect": could not find dataconnect.yaml in `/workspaces/LogiFlow/dataconnect`
 {"metadata":{"emulator":{"name":"dataconnect"},"message":"E0901 10:06:22.368942    1430 watch.go:40] Failed to load config from \"/workspaces/LogiFlow/dataconnect\": could not find dataconnect.yaml in `/workspaces/LogiFlow/dataconnect`\n"}}
[debug] [2026-09-01T10:06:32.368Z] E0901 10:06:32.364132    1430 watch.go:40] Failed to load config from "/workspaces/LogiFlow/dataconnect": could not find dataconnect.yaml in `/workspaces/LogiFlow/dataconnect`
 {"metadata":{"emulator":{"name":"dataconnect"},"message":"E0901 10:06:32.364132    1430 watch.go:40] Failed to load config from \"/workspaces/LogiFlow/dataconnect\": could not find dataconnect.yaml in `/workspaces/LogiFlow/dataconnect`\n"}}
[debug] [2026-09-01T10:06:42.368Z] E0901 10:06:42.368628    1430 watch.go:40] Failed to load config from "/workspaces/LogiFlow/dataconnect": could not find dataconnect.yaml in `/workspaces/LogiFlow/dataconnect`
 {"metadata":{"emulator":{"name":"dataconnect"},"message":"E0901 10:06:42.368628    1430 watch.go:40] Failed to load config from \"/workspaces/LogiFlow/dataconnect\": could not find dataconnect.yaml in `/workspaces/LogiFlow/dataconnect`\n"}}
[debug] [2026-09-01T10:06:52.372Z] E0901 10:06:52.372704    1430 watch.go:40] Failed to load config from "/workspaces/LogiFlow/dataconnect": could not find dataconnect.yaml in `/workspaces/LogiFlow/dataconnect`
 {"metadata":{"emulator":{"name":"dataconnect"},"message":"E0901 10:06:52.372704    1430 watch.go:40] Failed to load config from \"/workspaces/LogiFlow/dataconnect\": could not find dataconnect.yaml in `/workspaces/LogiFlow/dataconnect`\n"}}
[debug] [2026-09-01T10:07:02.364Z] E0901 10:07:02.363947    1430 watch.go:116] watchAllDir unable to walk dir `/workspaces/LogiFlow/dataconnect`: lstat /workspaces/LogiFlow/dataconnect: no such file or directory
E0901 10:07:02.364017    1430 watch.go:40] Failed to load config from "/workspaces/LogiFlow/dataconnect": could not find dataconnect.yaml in `/workspaces/LogiFlow/dataconnect`
 {"metadata":{"emulator":{"name":"dataconnect"},"message":"E0901 10:07:02.363947    1430 watch.go:116] watchAllDir unable to walk dir `/workspaces/LogiFlow/dataconnect`: lstat /workspaces/LogiFlow/dataconnect: no such file or directory\nE0901 10:07:02.364017    1430 watch.go:40] Failed to load config from \"/workspaces/LogiFlow/dataconnect\": could not find dataconnect.yaml in `/workspaces/LogiFlow/dataconnect`\n"}}
[debug] [2026-09-01T10:07:12.373Z] E0901 10:07:12.373118    1430 watch.go:40] Failed to load config from "/workspaces/LogiFlow/dataconnect": could not find dataconnect.yaml in `/workspaces/LogiFlow/dataconnect`
 {"metadata":{"emulator":{"name":"dataconnect"},"message":"E0901 10:07:12.373118    1430 watch.go:40] Failed to load config from \"/workspaces/LogiFlow/dataconnect\": could not find dataconnect.yaml in `/workspaces/LogiFlow/dataconnect`\n"}}
[debug] [2026-09-01T10:07:22.372Z] E0901 10:07:22.372190    1430 watch.go:40] Failed to load config from "/workspaces/LogiFlow/dataconnect": could not find dataconnect.yaml in `/workspaces/LogiFlow/dataconnect`
 {"metadata":{"emulator":{"name":"dataconnect"},"message":"E0901 10:07:22.372190    1430 watch.go:40] Failed to load config from \"/workspaces/LogiFlow/dataconnect\": could not find dataconnect.yaml in `/workspaces/LogiFlow/dataconnect`\n"}}
[debug] [2026-09-01T10:07:32.363Z] E0901 10:07:32.363776    1430 watch.go:40] Failed to load config from "/workspaces/LogiFlow/dataconnect": could not find dataconnect.yaml in `/workspaces/LogiFlow/dataconnect`
 {"metadata":{"emulator":{"name":"dataconnect"},"message":"E0901 10:07:32.363776    1430 watch.go:40] Failed to load config from \"/workspaces/LogiFlow/dataconnect\": could not find dataconnect.yaml in `/workspaces/LogiFlow/dataconnect`\n"}}
[debug] [2026-09-01T10:07:42.372Z] E0901 10:07:42.372405    1430 watch.go:40] Failed to load config from "/workspaces/LogiFlow/dataconnect": could not find dataconnect.yaml in `/workspaces/LogiFlow/dataconnect`
 {"metadata":{"emulator":{"name":"dataconnect"},"message":"E0901 10:07:42.372405    1430 watch.go:40] Failed to load config from \"/workspaces/LogiFlow/dataconnect\": could not find dataconnect.yaml in `/workspaces/LogiFlow/dataconnect`\n"}}
[debug] [2026-09-01T10:07:52.363Z] E0901 10:07:52.363510    1430 watch.go:40] Failed to load config from "/workspaces/LogiFlow/dataconnect": could not find dataconnect.yaml in `/workspaces/LogiFlow/dataconnect`
 {"metadata":{"emulator":{"name":"dataconnect"},"message":"E0901 10:07:52.363510    1430 watch.go:40] Failed to load config from \"/workspaces/LogiFlow/dataconnect\": could not find dataconnect.yaml in `/workspaces/LogiFlow/dataconnect`\n"}}
[debug] [2026-09-01T10:08:02.363Z] E0901 10:08:02.363651    1430 watch.go:116] watchAllDir unable to walk dir `/workspaces/LogiFlow/dataconnect`: lstat /workspaces/LogiFlow/dataconnect: no such file or directory
E0901 10:08:02.363745    1430 watch.go:40] Failed to load config from "/workspaces/LogiFlow/dataconnect": could not find dataconnect.yaml in `/workspaces/LogiFlow/dataconnect`
 {"metadata":{"emulator":{"name":"dataconnect"},"message":"E0901 10:08:02.363651    1430 watch.go:116] watchAllDir unable to walk dir `/workspaces/LogiFlow/dataconnect`: lstat /workspaces/LogiFlow/dataconnect: no such file or directory\nE0901 10:08:02.363745    1430 watch.go:40] Failed to load config from \"/workspaces/LogiFlow/dataconnect\": could not find dataconnect.yaml in `/workspaces/LogiFlow/dataconnect`\n"}}
[debug] [2026-09-01T10:08:12.369Z] E0901 10:08:12.369432    1430 watch.go:40] Failed to load config from "/workspaces/LogiFlow/dataconnect": could not find dataconnect.yaml in `/workspaces/LogiFlow/dataconnect`
 {"metadata":{"emulator":{"name":"dataconnect"},"message":"E0901 10:08:12.369432    1430 watch.go:40] Failed to load config from \"/workspaces/LogiFlow/dataconnect\": could not find dataconnect.yaml in `/workspaces/LogiFlow/dataconnect`\n"}}
[debug] [2026-09-01T10:08:22.372Z] E0901 10:08:22.372544    1430 watch.go:40] Failed to load config from "/workspaces/LogiFlow/dataconnect": could not find dataconnect.yaml in `/workspaces/LogiFlow/dataconnect`
 {"metadata":{"emulator":{"name":"dataconnect"},"message":"E0901 10:08:22.372544    1430 watch.go:40] Failed to load config from \"/workspaces/LogiFlow/dataconnect\": could not find dataconnect.yaml in `/workspaces/LogiFlow/dataconnect`\n"}}
[debug] [2026-09-01T10:08:32.363Z] E0901 10:08:32.363579    1430 watch.go:40] Failed to load config from "/workspaces/LogiFlow/dataconnect": could not find dataconnect.yaml in `/workspaces/LogiFlow/dataconnect`
 {"metadata":{"emulator":{"name":"dataconnect"},"message":"E0901 10:08:32.363579    1430 watch.go:40] Failed to load config from \"/workspaces/LogiFlow/dataconnect\": could not find dataconnect.yaml in `/workspaces/LogiFlow/dataconnect`\n"}}
[debug] [2026-09-01T10:08:42.369Z] E0901 10:08:42.369156    1430 watch.go:40] Failed to load config from "/workspaces/LogiFlow/dataconnect": could not find dataconnect.yaml in `/workspaces/LogiFlow/dataconnect`
 {"metadata":{"emulator":{"name":"dataconnect"},"message":"E0901 10:08:42.369156    1430 watch.go:40] Failed to load config from \"/workspaces/LogiFlow/dataconnect\": could not find dataconnect.yaml in `/workspaces/LogiFlow/dataconnect`\n"}}
[debug] [2026-09-01T10:08:52.372Z] E0901 10:08:52.372241    1430 watch.go:40] Failed to load config from "/workspaces/LogiFlow/dataconnect": could not find dataconnect.yaml in `/workspaces/LogiFlow/dataconnect`
 {"metadata":{"emulator":{"name":"dataconnect"},"message":"E0901 10:08:52.372241    1430 watch.go:40] Failed to load config from \"/workspaces/LogiFlow/dataconnect\": could not find dataconnect.yaml in `/workspaces/LogiFlow/dataconnect`\n"}}
[debug] [2026-09-01T10:09:02.363Z] E0901 10:09:02.363686    1430 watch.go:116] watchAllDir unable to walk dir `/workspaces/LogiFlow/dataconnect`: lstat /workspaces/LogiFlow/dataconnect: no such file or directory
E0901 10:09:02.363711    1430 watch.go:40] Failed to load config from "/workspaces/LogiFlow/dataconnect": could not find dataconnect.yaml in `/workspaces/LogiFlow/dataconnect`
 {"metadata":{"emulator":{"name":"dataconnect"},"message":"E0901 10:09:02.363686    1430 watch.go:116] watchAllDir unable to walk dir `/workspaces/LogiFlow/dataconnect`: lstat /workspaces/LogiFlow/dataconnect: no such file or directory\nE0901 10:09:02.363711    1430 watch.go:40] Failed to load config from \"/workspaces/LogiFlow/dataconnect\": could not find dataconnect.yaml in `/workspaces/LogiFlow/dataconnect`\n"}}
[debug] [2026-09-01T10:09:12.373Z] E0901 10:09:12.372849    1430 watch.go:40] Failed to load config from "/workspaces/LogiFlow/dataconnect": could not find dataconnect.yaml in `/workspaces/LogiFlow/dataconnect`
 {"metadata":{"emulator":{"name":"dataconnect"},"message":"E0901 10:09:12.372849    1430 watch.go:40] Failed to load config from \"/workspaces/LogiFlow/dataconnect\": could not find dataconnect.yaml in `/workspaces/LogiFlow/dataconnect`\n"}}
[debug] [2026-09-01T10:09:22.373Z] E0901 10:09:22.372947    1430 watch.go:40] Failed to load config from "/workspaces/LogiFlow/dataconnect": could not find dataconnect.yaml in `/workspaces/LogiFlow/dataconnect`
 {"metadata":{"emulator":{"name":"dataconnect"},"message":"E0901 10:09:22.372947    1430 watch.go:40] Failed to load config from \"/workspaces/LogiFlow/dataconnect\": could not find dataconnect.yaml in `/workspaces/LogiFlow/dataconnect`\n"}}
[debug] [2026-09-01T10:09:32.363Z] E0901 10:09:32.363210    1430 watch.go:40] Failed to load config from "/workspaces/LogiFlow/dataconnect": could not find dataconnect.yaml in `/workspaces/LogiFlow/dataconnect`
 {"metadata":{"emulator":{"name":"dataconnect"},"message":"E0901 10:09:32.363210    1430 watch.go:40] Failed to load config from \"/workspaces/LogiFlow/dataconnect\": could not find dataconnect.yaml in `/workspaces/LogiFlow/dataconnect`\n"}}
[debug] [2026-09-01T10:09:42.372Z] E0901 10:09:42.372333    1430 watch.go:40] Failed to load config from "/workspaces/LogiFlow/dataconnect": could not find dataconnect.yaml in `/workspaces/LogiFlow/dataconnect`
 {"metadata":{"emulator":{"name":"dataconnect"},"message":"E0901 10:09:42.372333    1430 watch.go:40] Failed to load config from \"/workspaces/LogiFlow/dataconnect\": could not find dataconnect.yaml in `/workspaces/LogiFlow/dataconnect`\n"}}
[debug] [2026-09-01T10:09:52.371Z] E0901 10:09:52.371420    1430 watch.go:40] Failed to load config from "/workspaces/LogiFlow/dataconnect": could not find dataconnect.yaml in `/workspaces/LogiFlow/dataconnect`
 {"metadata":{"emulator":{"name":"dataconnect"},"message":"E0901 10:09:52.371420    1430 watch.go:40] Failed to load config from \"/workspaces/LogiFlow/dataconnect\": could not find dataconnect.yaml in `/workspaces/LogiFlow/dataconnect`\n"}}
[debug] [2026-09-01T10:10:02.363Z] E0901 10:10:02.363269    1430 watch.go:40] Failed to load config from "/workspaces/LogiFlow/dataconnect": could not find dataconnect.yaml in `/workspaces/LogiFlow/dataconnect`
E0901 10:10:02.363238    1430 watch.go:116] watchAllDir unable to walk dir `/workspaces/LogiFlow/dataconnect`: lstat /workspaces/LogiFlow/dataconnect: no such file or directory
 {"metadata":{"emulator":{"name":"dataconnect"},"message":"E0901 10:10:02.363269    1430 watch.go:40] Failed to load config from \"/workspaces/LogiFlow/dataconnect\": could not find dataconnect.yaml in `/workspaces/LogiFlow/dataconnect`\nE0901 10:10:02.363238    1430 watch.go:116] watchAllDir unable to walk dir `/workspaces/LogiFlow/dataconnect`: lstat /workspaces/LogiFlow/dataconnect: no such file or directory\n"}}
[debug] [2026-09-01T10:10:12.369Z] E0901 10:10:12.369057    1430 watch.go:40] Failed to load config from "/workspaces/LogiFlow/dataconnect": could not find dataconnect.yaml in `/workspaces/LogiFlow/dataconnect`
 {"metadata":{"emulator":{"name":"dataconnect"},"message":"E0901 10:10:12.369057    1430 watch.go:40] Failed to load config from \"/workspaces/LogiFlow/dataconnect\": could not find dataconnect.yaml in `/workspaces/LogiFlow/dataconnect`\n"}}
[debug] [2026-09-01T10:10:22.363Z] E0901 10:10:22.363265    1430 watch.go:40] Failed to load config from "/workspaces/LogiFlow/dataconnect": could not find dataconnect.yaml in `/workspaces/LogiFlow/dataconnect`
 {"metadata":{"emulator":{"name":"dataconnect"},"message":"E0901 10:10:22.363265    1430 watch.go:40] Failed to load config from \"/workspaces/LogiFlow/dataconnect\": could not find dataconnect.yaml in `/workspaces/LogiFlow/dataconnect`\n"}}
[debug] [2026-09-01T10:10:32.363Z] E0901 10:10:32.363581    1430 watch.go:40] Failed to load config from "/workspaces/LogiFlow/dataconnect": could not find dataconnect.yaml in `/workspaces/LogiFlow/dataconnect`
 {"metadata":{"emulator":{"name":"dataconnect"},"message":"E0901 10:10:32.363581    1430 watch.go:40] Failed to load config from \"/workspaces/LogiFlow/dataconnect\": could not find dataconnect.yaml in `/workspaces/LogiFlow/dataconnect`\n"}}
[debug] [2026-09-01T10:10:42.372Z] E0901 10:10:42.372659    1430 watch.go:40] Failed to load config from "/workspaces/LogiFlow/dataconnect": could not find dataconnect.yaml in `/workspaces/LogiFlow/dataconnect`
 {"metadata":{"emulator":{"name":"dataconnect"},"message":"E0901 10:10:42.372659    1430 watch.go:40] Failed to load config from \"/workspaces/LogiFlow/dataconnect\": could not find dataconnect.yaml in `/workspaces/LogiFlow/dataconnect`\n"}}
[debug] [2026-09-01T10:10:52.369Z] E0901 10:10:52.369800    1430 watch.go:40] Failed to load config from "/workspaces/LogiFlow/dataconnect": could not find dataconnect.yaml in `/workspaces/LogiFlow/dataconnect`
 {"metadata":{"emulator":{"name":"dataconnect"},"message":"E0901 10:10:52.369800    1430 watch.go:40] Failed to load config from \"/workspaces/LogiFlow/dataconnect\": could not find dataconnect.yaml in `/workspaces/LogiFlow/dataconnect`\n"}}
[debug] [2026-09-01T10:11:02.363Z] E0901 10:11:02.363538    1430 watch.go:116] watchAllDir unable to walk dir `/workspaces/LogiFlow/dataconnect`: lstat /workspaces/LogiFlow/dataconnect: no such file or directory
E0901 10:11:02.363567    1430 watch.go:40] Failed to load config from "/workspaces/LogiFlow/dataconnect": could not find dataconnect.yaml in `/workspaces/LogiFlow/dataconnect`
 {"metadata":{"emulator":{"name":"dataconnect"},"message":"E0901 10:11:02.363538    1430 watch.go:116] watchAllDir unable to walk dir `/workspaces/LogiFlow/dataconnect`: lstat /workspaces/LogiFlow/dataconnect: no such file or directory\nE0901 10:11:02.363567    1430 watch.go:40] Failed to load config from \"/workspaces/LogiFlow/dataconnect\": could not find dataconnect.yaml in `/workspaces/LogiFlow/dataconnect`\n"}}
[debug] [2026-09-01T10:11:12.363Z] E0901 10:11:12.363273    1430 watch.go:40] Failed to load config from "/workspaces/LogiFlow/dataconnect": could not find dataconnect.yaml in `/workspaces/LogiFlow/dataconnect`
 {"metadata":{"emulator":{"name":"dataconnect"},"message":"E0901 10:11:12.363273    1430 watch.go:40] Failed to load config from \"/workspaces/LogiFlow/dataconnect\": could not find dataconnect.yaml in `/workspaces/LogiFlow/dataconnect`\n"}}
[debug] [2026-09-01T10:11:22.364Z] E0901 10:11:22.363979    1430 watch.go:40] Failed to load config from "/workspaces/LogiFlow/dataconnect": could not find dataconnect.yaml in `/workspaces/LogiFlow/dataconnect`
 {"metadata":{"emulator":{"name":"dataconnect"},"message":"E0901 10:11:22.363979    1430 watch.go:40] Failed to load config from \"/workspaces/LogiFlow/dataconnect\": could not find dataconnect.yaml in `/workspaces/LogiFlow/dataconnect`\n"}}
[debug] [2026-09-01T10:11:32.363Z] E0901 10:11:32.363258    1430 watch.go:40] Failed to load config from "/workspaces/LogiFlow/dataconnect": could not find dataconnect.yaml in `/workspaces/LogiFlow/dataconnect`
 {"metadata":{"emulator":{"name":"dataconnect"},"message":"E0901 10:11:32.363258    1430 watch.go:40] Failed to load config from \"/workspaces/LogiFlow/dataconnect\": could not find dataconnect.yaml in `/workspaces/LogiFlow/dataconnect`\n"}}
[debug] [2026-09-01T10:11:42.363Z] E0901 10:11:42.363275    1430 watch.go:40] Failed to load config from "/workspaces/LogiFlow/dataconnect": could not find dataconnect.yaml in `/workspaces/LogiFlow/dataconnect`
 {"metadata":{"emulator":{"name":"dataconnect"},"message":"E0901 10:11:42.363275    1430 watch.go:40] Failed to load config from \"/workspaces/LogiFlow/dataconnect\": could not find dataconnect.yaml in `/workspaces/LogiFlow/dataconnect`\n"}}
[debug] [2026-09-01T10:11:52.369Z] E0901 10:11:52.368945    1430 watch.go:40] Failed to load config from "/workspaces/LogiFlow/dataconnect": could not find dataconnect.yaml in `/workspaces/LogiFlow/dataconnect`
 {"metadata":{"emulator":{"name":"dataconnect"},"message":"E0901 10:11:52.368945    1430 watch.go:40] Failed to load config from \"/workspaces/LogiFlow/dataconnect\": could not find dataconnect.yaml in `/workspaces/LogiFlow/dataconnect`\n"}}
[debug] [2026-09-01T10:12:02.363Z] E0901 10:12:02.363167    1430 watch.go:116] watchAllDir unable to walk dir `/workspaces/LogiFlow/dataconnect`: lstat /workspaces/LogiFlow/dataconnect: no such file or directory
 {"metadata":{"emulator":{"name":"dataconnect"},"message":"E0901 10:12:02.363167    1430 watch.go:116] watchAllDir unable to walk dir `/workspaces/LogiFlow/dataconnect`: lstat /workspaces/LogiFlow/dataconnect: no such file or directory\n"}}
[debug] [2026-09-01T10:12:02.364Z] E0901 10:12:02.363494    1430 watch.go:40] Failed to load config from "/workspaces/LogiFlow/dataconnect": could not find dataconnect.yaml in `/workspaces/LogiFlow/dataconnect`
 {"metadata":{"emulator":{"name":"dataconnect"},"message":"E0901 10:12:02.363494    1430 watch.go:40] Failed to load config from \"/workspaces/LogiFlow/dataconnect\": could not find dataconnect.yaml in `/workspaces/LogiFlow/dataconnect`\n"}}
[debug] [2026-09-01T10:12:12.363Z] E0901 10:12:12.363350    1430 watch.go:40] Failed to load config from "/workspaces/LogiFlow/dataconnect": could not find dataconnect.yaml in `/workspaces/LogiFlow/dataconnect`
 {"metadata":{"emulator":{"name":"dataconnect"},"message":"E0901 10:12:12.363350    1430 watch.go:40] Failed to load config from \"/workspaces/LogiFlow/dataconnect\": could not find dataconnect.yaml in `/workspaces/LogiFlow/dataconnect`\n"}}
[debug] [2026-09-01T10:12:22.372Z] E0901 10:12:22.372781    1430 watch.go:40] Failed to load config from "/workspaces/LogiFlow/dataconnect": could not find dataconnect.yaml in `/workspaces/LogiFlow/dataconnect`
 {"metadata":{"emulator":{"name":"dataconnect"},"message":"E0901 10:12:22.372781    1430 watch.go:40] Failed to load config from \"/workspaces/LogiFlow/dataconnect\": could not find dataconnect.yaml in `/workspaces/LogiFlow/dataconnect`\n"}}
[debug] [2026-09-01T10:12:32.364Z] E0901 10:12:32.364102    1430 watch.go:40] Failed to load config from "/workspaces/LogiFlow/dataconnect": could not find dataconnect.yaml in `/workspaces/LogiFlow/dataconnect`
 {"metadata":{"emulator":{"name":"dataconnect"},"message":"E0901 10:12:32.364102    1430 watch.go:40] Failed to load config from \"/workspaces/LogiFlow/dataconnect\": could not find dataconnect.yaml in `/workspaces/LogiFlow/dataconnect`\n"}}
[debug] [2026-09-01T10:12:42.370Z] E0901 10:12:42.369941    1430 watch.go:40] Failed to load config from "/workspaces/LogiFlow/dataconnect": could not find dataconnect.yaml in `/workspaces/LogiFlow/dataconnect`
 {"metadata":{"emulator":{"name":"dataconnect"},"message":"E0901 10:12:42.369941    1430 watch.go:40] Failed to load config from \"/workspaces/LogiFlow/dataconnect\": could not find dataconnect.yaml in `/workspaces/LogiFlow/dataconnect`\n"}}
[debug] [2026-09-01T10:12:52.366Z] E0901 10:12:52.366440    1430 watch.go:40] Failed to load config from "/workspaces/LogiFlow/dataconnect": could not find dataconnect.yaml in `/workspaces/LogiFlow/dataconnect`
 {"metadata":{"emulator":{"name":"dataconnect"},"message":"E0901 10:12:52.366440    1430 watch.go:40] Failed to load config from \"/workspaces/LogiFlow/dataconnect\": could not find dataconnect.yaml in `/workspaces/LogiFlow/dataconnect`\n"}}
[debug] [2026-09-01T10:13:02.363Z] E0901 10:13:02.363732    1430 watch.go:116] watchAllDir unable to walk dir `/workspaces/LogiFlow/dataconnect`: lstat /workspaces/LogiFlow/dataconnect: no such file or directory
E0901 10:13:02.363814    1430 watch.go:40] Failed to load config from "/workspaces/LogiFlow/dataconnect": could not find dataconnect.yaml in `/workspaces/LogiFlow/dataconnect`
 {"metadata":{"emulator":{"name":"dataconnect"},"message":"E0901 10:13:02.363732    1430 watch.go:116] watchAllDir unable to walk dir `/workspaces/LogiFlow/dataconnect`: lstat /workspaces/LogiFlow/dataconnect: no such file or directory\nE0901 10:13:02.363814    1430 watch.go:40] Failed to load config from \"/workspaces/LogiFlow/dataconnect\": could not find dataconnect.yaml in `/workspaces/LogiFlow/dataconnect`\n"}}
[debug] [2026-09-01T10:13:12.369Z] E0901 10:13:12.369043    1430 watch.go:40] Failed to load config from "/workspaces/LogiFlow/dataconnect": could not find dataconnect.yaml in `/workspaces/LogiFlow/dataconnect`
 {"metadata":{"emulator":{"name":"dataconnect"},"message":"E0901 10:13:12.369043    1430 watch.go:40] Failed to load config from \"/workspaces/LogiFlow/dataconnect\": could not find dataconnect.yaml in `/workspaces/LogiFlow/dataconnect`\n"}}
[debug] [2026-09-01T10:13:22.369Z] E0901 10:13:22.368926    1430 watch.go:40] Failed to load config from "/workspaces/LogiFlow/dataconnect": could not find dataconnect.yaml in `/workspaces/LogiFlow/dataconnect`
 {"metadata":{"emulator":{"name":"dataconnect"},"message":"E0901 10:13:22.368926    1430 watch.go:40] Failed to load config from \"/workspaces/LogiFlow/dataconnect\": could not find dataconnect.yaml in `/workspaces/LogiFlow/dataconnect`\n"}}
[debug] [2026-09-01T10:13:32.363Z] E0901 10:13:32.363217    1430 watch.go:40] Failed to load config from "/workspaces/LogiFlow/dataconnect": could not find dataconnect.yaml in `/workspaces/LogiFlow/dataconnect`
 {"metadata":{"emulator":{"name":"dataconnect"},"message":"E0901 10:13:32.363217    1430 watch.go:40] Failed to load config from \"/workspaces/LogiFlow/dataconnect\": could not find dataconnect.yaml in `/workspaces/LogiFlow/dataconnect`\n"}}
[debug] [2026-09-01T10:13:42.372Z] E0901 10:13:42.372287    1430 watch.go:40] Failed to load config from "/workspaces/LogiFlow/dataconnect": could not find dataconnect.yaml in `/workspaces/LogiFlow/dataconnect`
 {"metadata":{"emulator":{"name":"dataconnect"},"message":"E0901 10:13:42.372287    1430 watch.go:40] Failed to load config from \"/workspaces/LogiFlow/dataconnect\": could not find dataconnect.yaml in `/workspaces/LogiFlow/dataconnect`\n"}}
[debug] [2026-09-01T10:13:52.372Z] E0901 10:13:52.372412    1430 watch.go:40] Failed to load config from "/workspaces/LogiFlow/dataconnect": could not find dataconnect.yaml in `/workspaces/LogiFlow/dataconnect`
 {"metadata":{"emulator":{"name":"dataconnect"},"message":"E0901 10:13:52.372412    1430 watch.go:40] Failed to load config from \"/workspaces/LogiFlow/dataconnect\": could not find dataconnect.yaml in `/workspaces/LogiFlow/dataconnect`\n"}}
[debug] [2026-09-01T10:14:02.363Z] E0901 10:14:02.363645    1430 watch.go:116] watchAllDir unable to walk dir `/workspaces/LogiFlow/dataconnect`: lstat /workspaces/LogiFlow/dataconnect: no such file or directory
E0901 10:14:02.363716    1430 watch.go:40] Failed to load config from "/workspaces/LogiFlow/dataconnect": could not find dataconnect.yaml in `/workspaces/LogiFlow/dataconnect`
 {"metadata":{"emulator":{"name":"dataconnect"},"message":"E0901 10:14:02.363645    1430 watch.go:116] watchAllDir unable to walk dir `/workspaces/LogiFlow/dataconnect`: lstat /workspaces/LogiFlow/dataconnect: no such file or directory\nE0901 10:14:02.363716    1430 watch.go:40] Failed to load config from \"/workspaces/LogiFlow/dataconnect\": could not find dataconnect.yaml in `/workspaces/LogiFlow/dataconnect`\n"}}
[debug] [2026-09-01T10:14:12.363Z] E0901 10:14:12.363541    1430 watch.go:40] Failed to load config from "/workspaces/LogiFlow/dataconnect": could not find dataconnect.yaml in `/workspaces/LogiFlow/dataconnect`
 {"metadata":{"emulator":{"name":"dataconnect"},"message":"E0901 10:14:12.363541    1430 watch.go:40] Failed to load config from \"/workspaces/LogiFlow/dataconnect\": could not find dataconnect.yaml in `/workspaces/LogiFlow/dataconnect`\n"}}
[debug] [2026-09-01T10:14:22.363Z] E0901 10:14:22.363381    1430 watch.go:40] Failed to load config from "/workspaces/LogiFlow/dataconnect": could not find dataconnect.yaml in `/workspaces/LogiFlow/dataconnect`
 {"metadata":{"emulator":{"name":"dataconnect"},"message":"E0901 10:14:22.363381    1430 watch.go:40] Failed to load config from \"/workspaces/LogiFlow/dataconnect\": could not find dataconnect.yaml in `/workspaces/LogiFlow/dataconnect`\n"}}
[debug] [2026-09-01T10:14:32.363Z] E0901 10:14:32.363694    1430 watch.go:40] Failed to load config from "/workspaces/LogiFlow/dataconnect": could not find dataconnect.yaml in `/workspaces/LogiFlow/dataconnect`
 {"metadata":{"emulator":{"name":"dataconnect"},"message":"E0901 10:14:32.363694    1430 watch.go:40] Failed to load config from \"/workspaces/LogiFlow/dataconnect\": could not find dataconnect.yaml in `/workspaces/LogiFlow/dataconnect`\n"}}
[debug] [2026-09-01T10:14:42.372Z] E0901 10:14:42.372792    1430 watch.go:40] Failed to load config from "/workspaces/LogiFlow/dataconnect": could not find dataconnect.yaml in `/workspaces/LogiFlow/dataconnect`
 {"metadata":{"emulator":{"name":"dataconnect"},"message":"E0901 10:14:42.372792    1430 watch.go:40] Failed to load config from \"/workspaces/LogiFlow/dataconnect\": could not find dataconnect.yaml in `/workspaces/LogiFlow/dataconnect`\n"}}
[debug] [2026-09-01T10:14:52.372Z] E0901 10:14:52.372400    1430 watch.go:40] Failed to load config from "/workspaces/LogiFlow/dataconnect": could not find dataconnect.yaml in `/workspaces/LogiFlow/dataconnect`
 {"metadata":{"emulator":{"name":"dataconnect"},"message":"E0901 10:14:52.372400    1430 watch.go:40] Failed to load config from \"/workspaces/LogiFlow/dataconnect\": could not find dataconnect.yaml in `/workspaces/LogiFlow/dataconnect`\n"}}
[debug] [2026-09-01T10:15:02.363Z] E0901 10:15:02.363708    1430 watch.go:116] watchAllDir unable to walk dir `/workspaces/LogiFlow/dataconnect`: lstat /workspaces/LogiFlow/dataconnect: no such file or directory
E0901 10:15:02.363786    1430 watch.go:40] Failed to load config from "/workspaces/LogiFlow/dataconnect": could not find dataconnect.yaml in `/workspaces/LogiFlow/dataconnect`
 {"metadata":{"emulator":{"name":"dataconnect"},"message":"E0901 10:15:02.363708    1430 watch.go:116] watchAllDir unable to walk dir `/workspaces/LogiFlow/dataconnect`: lstat /workspaces/LogiFlow/dataconnect: no such file or directory\nE0901 10:15:02.363786    1430 watch.go:40] Failed to load config from \"/workspaces/LogiFlow/dataconnect\": could not find dataconnect.yaml in `/workspaces/LogiFlow/dataconnect`\n"}}
[debug] [2026-09-01T10:15:12.372Z] E0901 10:15:12.372419    1430 watch.go:40] Failed to load config from "/workspaces/LogiFlow/dataconnect": could not find dataconnect.yaml in `/workspaces/LogiFlow/dataconnect`
 {"metadata":{"emulator":{"name":"dataconnect"},"message":"E0901 10:15:12.372419    1430 watch.go:40] Failed to load config from \"/workspaces/LogiFlow/dataconnect\": could not find dataconnect.yaml in `/workspaces/LogiFlow/dataconnect`\n"}}
[debug] [2026-09-01T10:15:22.369Z] E0901 10:15:22.369502    1430 watch.go:40] Failed to load config from "/workspaces/LogiFlow/dataconnect": could not find dataconnect.yaml in `/workspaces/LogiFlow/dataconnect`
 {"metadata":{"emulator":{"name":"dataconnect"},"message":"E0901 10:15:22.369502    1430 watch.go:40] Failed to load config from \"/workspaces/LogiFlow/dataconnect\": could not find dataconnect.yaml in `/workspaces/LogiFlow/dataconnect`\n"}}
[debug] [2026-09-01T10:15:32.364Z] E0901 10:15:32.363882    1430 watch.go:40] Failed to load config from "/workspaces/LogiFlow/dataconnect": could not find dataconnect.yaml in `/workspaces/LogiFlow/dataconnect`
 {"metadata":{"emulator":{"name":"dataconnect"},"message":"E0901 10:15:32.363882    1430 watch.go:40] Failed to load config from \"/workspaces/LogiFlow/dataconnect\": could not find dataconnect.yaml in `/workspaces/LogiFlow/dataconnect`\n"}}
[debug] [2026-09-01T10:15:42.373Z] E0901 10:15:42.372990    1430 watch.go:40] Failed to load config from "/workspaces/LogiFlow/dataconnect": could not find dataconnect.yaml in `/workspaces/LogiFlow/dataconnect`
 {"metadata":{"emulator":{"name":"dataconnect"},"message":"E0901 10:15:42.372990    1430 watch.go:40] Failed to load config from \"/workspaces/LogiFlow/dataconnect\": could not find dataconnect.yaml in `/workspaces/LogiFlow/dataconnect`\n"}}
[debug] [2026-09-01T10:15:52.373Z] E0901 10:15:52.373064    1430 watch.go:40] Failed to load config from "/workspaces/LogiFlow/dataconnect": could not find dataconnect.yaml in `/workspaces/LogiFlow/dataconnect`
 {"metadata":{"emulator":{"name":"dataconnect"},"message":"E0901 10:15:52.373064    1430 watch.go:40] Failed to load config from \"/workspaces/LogiFlow/dataconnect\": could not find dataconnect.yaml in `/workspaces/LogiFlow/dataconnect`\n"}}
[debug] [2026-09-01T10:16:02.363Z] E0901 10:16:02.363304    1430 watch.go:116] watchAllDir unable to walk dir `/workspaces/LogiFlow/dataconnect`: lstat /workspaces/LogiFlow/dataconnect: no such file or directory
E0901 10:16:02.363361    1430 watch.go:40] Failed to load config from "/workspaces/LogiFlow/dataconnect": could not find dataconnect.yaml in `/workspaces/LogiFlow/dataconnect`
 {"metadata":{"emulator":{"name":"dataconnect"},"message":"E0901 10:16:02.363304    1430 watch.go:116] watchAllDir unable to walk dir `/workspaces/LogiFlow/dataconnect`: lstat /workspaces/LogiFlow/dataconnect: no such file or directory\nE0901 10:16:02.363361    1430 watch.go:40] Failed to load config from \"/workspaces/LogiFlow/dataconnect\": could not find dataconnect.yaml in `/workspaces/LogiFlow/dataconnect`\n"}}
[debug] [2026-09-01T10:16:12.364Z] E0901 10:16:12.363899    1430 watch.go:40] Failed to load config from "/workspaces/LogiFlow/dataconnect": could not find dataconnect.yaml in `/workspaces/LogiFlow/dataconnect`
 {"metadata":{"emulator":{"name":"dataconnect"},"message":"E0901 10:16:12.363899    1430 watch.go:40] Failed to load config from \"/workspaces/LogiFlow/dataconnect\": could not find dataconnect.yaml in `/workspaces/LogiFlow/dataconnect`\n"}}
[debug] [2026-09-01T10:16:22.363Z] E0901 10:16:22.363517    1430 watch.go:40] Failed to load config from "/workspaces/LogiFlow/dataconnect": could not find dataconnect.yaml in `/workspaces/LogiFlow/dataconnect`
 {"metadata":{"emulator":{"name":"dataconnect"},"message":"E0901 10:16:22.363517    1430 watch.go:40] Failed to load config from \"/workspaces/LogiFlow/dataconnect\": could not find dataconnect.yaml in `/workspaces/LogiFlow/dataconnect`\n"}}
[debug] [2026-09-01T10:16:32.364Z] E0901 10:16:32.364066    1430 watch.go:40] Failed to load config from "/workspaces/LogiFlow/dataconnect": could not find dataconnect.yaml in `/workspaces/LogiFlow/dataconnect`
 {"metadata":{"emulator":{"name":"dataconnect"},"message":"E0901 10:16:32.364066    1430 watch.go:40] Failed to load config from \"/workspaces/LogiFlow/dataconnect\": could not find dataconnect.yaml in `/workspaces/LogiFlow/dataconnect`\n"}}
[debug] [2026-09-01T10:16:42.363Z] E0901 10:16:42.363269    1430 watch.go:40] Failed to load config from "/workspaces/LogiFlow/dataconnect": could not find dataconnect.yaml in `/workspaces/LogiFlow/dataconnect`
 {"metadata":{"emulator":{"name":"dataconnect"},"message":"E0901 10:16:42.363269    1430 watch.go:40] Failed to load config from \"/workspaces/LogiFlow/dataconnect\": could not find dataconnect.yaml in `/workspaces/LogiFlow/dataconnect`\n"}}
[debug] [2026-09-01T10:16:52.372Z] E0901 10:16:52.372375    1430 watch.go:40] Failed to load config from "/workspaces/LogiFlow/dataconnect": could not find dataconnect.yaml in `/workspaces/LogiFlow/dataconnect`
 {"metadata":{"emulator":{"name":"dataconnect"},"message":"E0901 10:16:52.372375    1430 watch.go:40] Failed to load config from \"/workspaces/LogiFlow/dataconnect\": could not find dataconnect.yaml in `/workspaces/LogiFlow/dataconnect`\n"}}
[debug] [2026-09-01T10:17:02.363Z] E0901 10:17:02.363756    1430 watch.go:116] watchAllDir unable to walk dir `/workspaces/LogiFlow/dataconnect`: lstat /workspaces/LogiFlow/dataconnect: no such file or directory
 {"metadata":{"emulator":{"name":"dataconnect"},"message":"E0901 10:17:02.363756    1430 watch.go:116] watchAllDir unable to walk dir `/workspaces/LogiFlow/dataconnect`: lstat /workspaces/LogiFlow/dataconnect: no such file or directory\n"}}
[debug] [2026-09-01T10:17:02.364Z] E0901 10:17:02.363884    1430 watch.go:40] Failed to load config from "/workspaces/LogiFlow/dataconnect": could not find dataconnect.yaml in `/workspaces/LogiFlow/dataconnect`
 {"metadata":{"emulator":{"name":"dataconnect"},"message":"E0901 10:17:02.363884    1430 watch.go:40] Failed to load config from \"/workspaces/LogiFlow/dataconnect\": could not find dataconnect.yaml in `/workspaces/LogiFlow/dataconnect`\n"}}
[debug] [2026-09-01T10:17:12.363Z] E0901 10:17:12.363248    1430 watch.go:40] Failed to load config from "/workspaces/LogiFlow/dataconnect": could not find dataconnect.yaml in `/workspaces/LogiFlow/dataconnect`
 {"metadata":{"emulator":{"name":"dataconnect"},"message":"E0901 10:17:12.363248    1430 watch.go:40] Failed to load config from \"/workspaces/LogiFlow/dataconnect\": could not find dataconnect.yaml in `/workspaces/LogiFlow/dataconnect`\n"}}
[debug] [2026-09-01T10:17:22.371Z] E0901 10:17:22.371401    1430 watch.go:40] Failed to load config from "/workspaces/LogiFlow/dataconnect": could not find dataconnect.yaml in `/workspaces/LogiFlow/dataconnect`
 {"metadata":{"emulator":{"name":"dataconnect"},"message":"E0901 10:17:22.371401    1430 watch.go:40] Failed to load config from \"/workspaces/LogiFlow/dataconnect\": could not find dataconnect.yaml in `/workspaces/LogiFlow/dataconnect`\n"}}
[debug] [2026-09-01T10:17:32.363Z] E0901 10:17:32.363729    1430 watch.go:40] Failed to load config from "/workspaces/LogiFlow/dataconnect": could not find dataconnect.yaml in `/workspaces/LogiFlow/dataconnect`
 {"metadata":{"emulator":{"name":"dataconnect"},"message":"E0901 10:17:32.363729    1430 watch.go:40] Failed to load config from \"/workspaces/LogiFlow/dataconnect\": could not find dataconnect.yaml in `/workspaces/LogiFlow/dataconnect`\n"}}
[debug] [2026-09-01T10:17:42.372Z] E0901 10:17:42.372766    1430 watch.go:40] Failed to load config from "/workspaces/LogiFlow/dataconnect": could not find dataconnect.yaml in `/workspaces/LogiFlow/dataconnect`
 {"metadata":{"emulator":{"name":"dataconnect"},"message":"E0901 10:17:42.372766    1430 watch.go:40] Failed to load config from \"/workspaces/LogiFlow/dataconnect\": could not find dataconnect.yaml in `/workspaces/LogiFlow/dataconnect`\n"}}
[debug] [2026-09-01T10:17:52.366Z] E0901 10:17:52.366441    1430 watch.go:40] Failed to load config from "/workspaces/LogiFlow/dataconnect": could not find dataconnect.yaml in `/workspaces/LogiFlow/dataconnect`
 {"metadata":{"emulator":{"name":"dataconnect"},"message":"E0901 10:17:52.366441    1430 watch.go:40] Failed to load config from \"/workspaces/LogiFlow/dataconnect\": could not find dataconnect.yaml in `/workspaces/LogiFlow/dataconnect`\n"}}
[debug] [2026-09-01T10:18:02.363Z] E0901 10:18:02.363557    1430 watch.go:116] watchAllDir unable to walk dir `/workspaces/LogiFlow/dataconnect`: lstat /workspaces/LogiFlow/dataconnect: no such file or directory
 {"metadata":{"emulator":{"name":"dataconnect"},"message":"E0901 10:18:02.363557    1430 watch.go:116] watchAllDir unable to walk dir `/workspaces/LogiFlow/dataconnect`: lstat /workspaces/LogiFlow/dataconnect: no such file or directory\n"}}
[debug] [2026-09-01T10:18:02.364Z] E0901 10:18:02.363635    1430 watch.go:40] Failed to load config from "/workspaces/LogiFlow/dataconnect": could not find dataconnect.yaml in `/workspaces/LogiFlow/dataconnect`
 {"metadata":{"emulator":{"name":"dataconnect"},"message":"E0901 10:18:02.363635    1430 watch.go:40] Failed to load config from \"/workspaces/LogiFlow/dataconnect\": could not find dataconnect.yaml in `/workspaces/LogiFlow/dataconnect`\n"}}
[debug] [2026-09-01T10:18:12.366Z] E0901 10:18:12.366426    1430 watch.go:40] Failed to load config from "/workspaces/LogiFlow/dataconnect": could not find dataconnect.yaml in `/workspaces/LogiFlow/dataconnect`
 {"metadata":{"emulator":{"name":"dataconnect"},"message":"E0901 10:18:12.366426    1430 watch.go:40] Failed to load config from \"/workspaces/LogiFlow/dataconnect\": could not find dataconnect.yaml in `/workspaces/LogiFlow/dataconnect`\n"}}
[debug] [2026-09-01T10:18:22.367Z] E0901 10:18:22.367199    1430 watch.go:40] Failed to load config from "/workspaces/LogiFlow/dataconnect": could not find dataconnect.yaml in `/workspaces/LogiFlow/dataconnect`
 {"metadata":{"emulator":{"name":"dataconnect"},"message":"E0901 10:18:22.367199    1430 watch.go:40] Failed to load config from \"/workspaces/LogiFlow/dataconnect\": could not find dataconnect.yaml in `/workspaces/LogiFlow/dataconnect`\n"}}
[debug] [2026-09-01T10:18:32.363Z] E0901 10:18:32.363270    1430 watch.go:40] Failed to load config from "/workspaces/LogiFlow/dataconnect": could not find dataconnect.yaml in `/workspaces/LogiFlow/dataconnect`
 {"metadata":{"emulator":{"name":"dataconnect"},"message":"E0901 10:18:32.363270    1430 watch.go:40] Failed to load config from \"/workspaces/LogiFlow/dataconnect\": could not find dataconnect.yaml in `/workspaces/LogiFlow/dataconnect`\n"}}
[debug] [2026-09-01T10:18:42.373Z] E0901 10:18:42.373006    1430 watch.go:40] Failed to load config from "/workspaces/LogiFlow/dataconnect": could not find dataconnect.yaml in `/workspaces/LogiFlow/dataconnect`
 {"metadata":{"emulator":{"name":"dataconnect"},"message":"E0901 10:18:42.373006    1430 watch.go:40] Failed to load config from \"/workspaces/LogiFlow/dataconnect\": could not find dataconnect.yaml in `/workspaces/LogiFlow/dataconnect`\n"}}
[debug] [2026-09-01T10:18:52.370Z] E0901 10:18:52.370667    1430 watch.go:40] Failed to load config from "/workspaces/LogiFlow/dataconnect": could not find dataconnect.yaml in `/workspaces/LogiFlow/dataconnect`
 {"metadata":{"emulator":{"name":"dataconnect"},"message":"E0901 10:18:52.370667    1430 watch.go:40] Failed to load config from \"/workspaces/LogiFlow/dataconnect\": could not find dataconnect.yaml in `/workspaces/LogiFlow/dataconnect`\n"}}
[debug] [2026-09-01T10:19:02.363Z] E0901 10:19:02.363685    1430 watch.go:116] watchAllDir unable to walk dir `/workspaces/LogiFlow/dataconnect`: lstat /workspaces/LogiFlow/dataconnect: no such file or directory
E0901 10:19:02.363774    1430 watch.go:40] Failed to load config from "/workspaces/LogiFlow/dataconnect": could not find dataconnect.yaml in `/workspaces/LogiFlow/dataconnect`
 {"metadata":{"emulator":{"name":"dataconnect"},"message":"E0901 10:19:02.363685    1430 watch.go:116] watchAllDir unable to walk dir `/workspaces/LogiFlow/dataconnect`: lstat /workspaces/LogiFlow/dataconnect: no such file or directory\nE0901 10:19:02.363774    1430 watch.go:40] Failed to load config from \"/workspaces/LogiFlow/dataconnect\": could not find dataconnect.yaml in `/workspaces/LogiFlow/dataconnect`\n"}}
[debug] [2026-09-01T10:19:12.373Z] E0901 10:19:12.372894    1430 watch.go:40] Failed to load config from "/workspaces/LogiFlow/dataconnect": could not find dataconnect.yaml in `/workspaces/LogiFlow/dataconnect`
 {"metadata":{"emulator":{"name":"dataconnect"},"message":"E0901 10:19:12.372894    1430 watch.go:40] Failed to load config from \"/workspaces/LogiFlow/dataconnect\": could not find dataconnect.yaml in `/workspaces/LogiFlow/dataconnect`\n"}}
[debug] [2026-09-01T10:19:22.363Z] E0901 10:19:22.363267    1430 watch.go:40] Failed to load config from "/workspaces/LogiFlow/dataconnect": could not find dataconnect.yaml in `/workspaces/LogiFlow/dataconnect`
 {"metadata":{"emulator":{"name":"dataconnect"},"message":"E0901 10:19:22.363267    1430 watch.go:40] Failed to load config from \"/workspaces/LogiFlow/dataconnect\": could not find dataconnect.yaml in `/workspaces/LogiFlow/dataconnect`\n"}}
[debug] [2026-09-01T10:19:32.363Z] E0901 10:19:32.363545    1430 watch.go:40] Failed to load config from "/workspaces/LogiFlow/dataconnect": could not find dataconnect.yaml in `/workspaces/LogiFlow/dataconnect`
 {"metadata":{"emulator":{"name":"dataconnect"},"message":"E0901 10:19:32.363545    1430 watch.go:40] Failed to load config from \"/workspaces/LogiFlow/dataconnect\": could not find dataconnect.yaml in `/workspaces/LogiFlow/dataconnect`\n"}}
[debug] [2026-09-01T10:19:42.372Z] E0901 10:19:42.372433    1430 watch.go:40] Failed to load config from "/workspaces/LogiFlow/dataconnect": could not find dataconnect.yaml in `/workspaces/LogiFlow/dataconnect`
 {"metadata":{"emulator":{"name":"dataconnect"},"message":"E0901 10:19:42.372433    1430 watch.go:40] Failed to load config from \"/workspaces/LogiFlow/dataconnect\": could not find dataconnect.yaml in `/workspaces/LogiFlow/dataconnect`\n"}}
[debug] [2026-09-01T10:19:52.363Z] E0901 10:19:52.363244    1430 watch.go:40] Failed to load config from "/workspaces/LogiFlow/dataconnect": could not find dataconnect.yaml in `/workspaces/LogiFlow/dataconnect`
 {"metadata":{"emulator":{"name":"dataconnect"},"message":"E0901 10:19:52.363244    1430 watch.go:40] Failed to load config from \"/workspaces/LogiFlow/dataconnect\": could not find dataconnect.yaml in `/workspaces/LogiFlow/dataconnect`\n"}}
[debug] [2026-09-01T10:20:02.363Z] E0901 10:20:02.363513    1430 watch.go:116] watchAllDir unable to walk dir `/workspaces/LogiFlow/dataconnect`: lstat /workspaces/LogiFlow/dataconnect: no such file or directory
E0901 10:20:02.363603    1430 watch.go:40] Failed to load config from "/workspaces/LogiFlow/dataconnect": could not find dataconnect.yaml in `/workspaces/LogiFlow/dataconnect`
 {"metadata":{"emulator":{"name":"dataconnect"},"message":"E0901 10:20:02.363513    1430 watch.go:116] watchAllDir unable to walk dir `/workspaces/LogiFlow/dataconnect`: lstat /workspaces/LogiFlow/dataconnect: no such file or directory\nE0901 10:20:02.363603    1430 watch.go:40] Failed to load config from \"/workspaces/LogiFlow/dataconnect\": could not find dataconnect.yaml in `/workspaces/LogiFlow/dataconnect`\n"}}
[debug] [2026-09-01T10:20:12.369Z] E0901 10:20:12.368868    1430 watch.go:40] Failed to load config from "/workspaces/LogiFlow/dataconnect": could not find dataconnect.yaml in `/workspaces/LogiFlow/dataconnect`
 {"metadata":{"emulator":{"name":"dataconnect"},"message":"E0901 10:20:12.368868    1430 watch.go:40] Failed to load config from \"/workspaces/LogiFlow/dataconnect\": could not find dataconnect.yaml in `/workspaces/LogiFlow/dataconnect`\n"}}
[debug] [2026-09-01T10:20:22.369Z] E0901 10:20:22.369779    1430 watch.go:40] Failed to load config from "/workspaces/LogiFlow/dataconnect": could not find dataconnect.yaml in `/workspaces/LogiFlow/dataconnect`
 {"metadata":{"emulator":{"name":"dataconnect"},"message":"E0901 10:20:22.369779    1430 watch.go:40] Failed to load config from \"/workspaces/LogiFlow/dataconnect\": could not find dataconnect.yaml in `/workspaces/LogiFlow/dataconnect`\n"}}
[debug] [2026-09-01T10:20:32.363Z] E0901 10:20:32.363447    1430 watch.go:40] Failed to load config from "/workspaces/LogiFlow/dataconnect": could not find dataconnect.yaml in `/workspaces/LogiFlow/dataconnect`
 {"metadata":{"emulator":{"name":"dataconnect"},"message":"E0901 10:20:32.363447    1430 watch.go:40] Failed to load config from \"/workspaces/LogiFlow/dataconnect\": could not find dataconnect.yaml in `/workspaces/LogiFlow/dataconnect`\n"}}
[debug] [2026-09-01T10:20:42.363Z] E0901 10:20:42.363381    1430 watch.go:40] Failed to load config from "/workspaces/LogiFlow/dataconnect": could not find dataconnect.yaml in `/workspaces/LogiFlow/dataconnect`
 {"metadata":{"emulator":{"name":"dataconnect"},"message":"E0901 10:20:42.363381    1430 watch.go:40] Failed to load config from \"/workspaces/LogiFlow/dataconnect\": could not find dataconnect.yaml in `/workspaces/LogiFlow/dataconnect`\n"}}
[debug] [2026-09-01T10:20:52.372Z] E0901 10:20:52.372413    1430 watch.go:40] Failed to load config from "/workspaces/LogiFlow/dataconnect": could not find dataconnect.yaml in `/workspaces/LogiFlow/dataconnect`
 {"metadata":{"emulator":{"name":"dataconnect"},"message":"E0901 10:20:52.372413    1430 watch.go:40] Failed to load config from \"/workspaces/LogiFlow/dataconnect\": could not find dataconnect.yaml in `/workspaces/LogiFlow/dataconnect`\n"}}
[debug] [2026-09-01T10:21:02.364Z] E0901 10:21:02.363868    1430 watch.go:116] watchAllDir unable to walk dir `/workspaces/LogiFlow/dataconnect`: lstat /workspaces/LogiFlow/dataconnect: no such file or directory
E0901 10:21:02.363975    1430 watch.go:40] Failed to load config from "/workspaces/LogiFlow/dataconnect": could not find dataconnect.yaml in `/workspaces/LogiFlow/dataconnect`
 {"metadata":{"emulator":{"name":"dataconnect"},"message":"E0901 10:21:02.363868    1430 watch.go:116] watchAllDir unable to walk dir `/workspaces/LogiFlow/dataconnect`: lstat /workspaces/LogiFlow/dataconnect: no such file or directory\nE0901 10:21:02.363975    1430 watch.go:40] Failed to load config from \"/workspaces/LogiFlow/dataconnect\": could not find dataconnect.yaml in `/workspaces/LogiFlow/dataconnect`\n"}}
[debug] [2026-09-01T10:21:12.373Z] E0901 10:21:12.373070    1430 watch.go:40] Failed to load config from "/workspaces/LogiFlow/dataconnect": could not find dataconnect.yaml in `/workspaces/LogiFlow/dataconnect`
 {"metadata":{"emulator":{"name":"dataconnect"},"message":"E0901 10:21:12.373070    1430 watch.go:40] Failed to load config from \"/workspaces/LogiFlow/dataconnect\": could not find dataconnect.yaml in `/workspaces/LogiFlow/dataconnect`\n"}}
[debug] [2026-09-01T10:21:22.369Z] E0901 10:21:22.369534    1430 watch.go:40] Failed to load config from "/workspaces/LogiFlow/dataconnect": could not find dataconnect.yaml in `/workspaces/LogiFlow/dataconnect`
 {"metadata":{"emulator":{"name":"dataconnect"},"message":"E0901 10:21:22.369534    1430 watch.go:40] Failed to load config from \"/workspaces/LogiFlow/dataconnect\": could not find dataconnect.yaml in `/workspaces/LogiFlow/dataconnect`\n"}}
[debug] [2026-09-01T10:21:32.364Z] E0901 10:21:32.363812    1430 watch.go:40] Failed to load config from "/workspaces/LogiFlow/dataconnect": could not find dataconnect.yaml in `/workspaces/LogiFlow/dataconnect`
 {"metadata":{"emulator":{"name":"dataconnect"},"message":"E0901 10:21:32.363812    1430 watch.go:40] Failed to load config from \"/workspaces/LogiFlow/dataconnect\": could not find dataconnect.yaml in `/workspaces/LogiFlow/dataconnect`\n"}}
[debug] [2026-09-01T10:21:42.373Z] E0901 10:21:42.372905    1430 watch.go:40] Failed to load config from "/workspaces/LogiFlow/dataconnect": could not find dataconnect.yaml in `/workspaces/LogiFlow/dataconnect`
 {"metadata":{"emulator":{"name":"dataconnect"},"message":"E0901 10:21:42.372905    1430 watch.go:40] Failed to load config from \"/workspaces/LogiFlow/dataconnect\": could not find dataconnect.yaml in `/workspaces/LogiFlow/dataconnect`\n"}}
[debug] [2026-09-01T10:21:52.369Z] E0901 10:21:52.369129    1430 watch.go:40] Failed to load config from "/workspaces/LogiFlow/dataconnect": could not find dataconnect.yaml in `/workspaces/LogiFlow/dataconnect`
 {"metadata":{"emulator":{"name":"dataconnect"},"message":"E0901 10:21:52.369129    1430 watch.go:40] Failed to load config from \"/workspaces/LogiFlow/dataconnect\": could not find dataconnect.yaml in `/workspaces/LogiFlow/dataconnect`\n"}}
[debug] [2026-09-01T10:22:02.363Z] E0901 10:22:02.363397    1430 watch.go:116] watchAllDir unable to walk dir `/workspaces/LogiFlow/dataconnect`: lstat /workspaces/LogiFlow/dataconnect: no such file or directory
E0901 10:22:02.363476    1430 watch.go:40] Failed to load config from "/workspaces/LogiFlow/dataconnect": could not find dataconnect.yaml in `/workspaces/LogiFlow/dataconnect`
 {"metadata":{"emulator":{"name":"dataconnect"},"message":"E0901 10:22:02.363397    1430 watch.go:116] watchAllDir unable to walk dir `/workspaces/LogiFlow/dataconnect`: lstat /workspaces/LogiFlow/dataconnect: no such file or directory\nE0901 10:22:02.363476    1430 watch.go:40] Failed to load config from \"/workspaces/LogiFlow/dataconnect\": could not find dataconnect.yaml in `/workspaces/LogiFlow/dataconnect`\n"}}
[debug] [2026-09-01T10:22:12.367Z] E0901 10:22:12.367186    1430 watch.go:40] Failed to load config from "/workspaces/LogiFlow/dataconnect": could not find dataconnect.yaml in `/workspaces/LogiFlow/dataconnect`
 {"metadata":{"emulator":{"name":"dataconnect"},"message":"E0901 10:22:12.367186    1430 watch.go:40] Failed to load config from \"/workspaces/LogiFlow/dataconnect\": could not find dataconnect.yaml in `/workspaces/LogiFlow/dataconnect`\n"}}
[debug] [2026-09-01T10:22:22.368Z] E0901 10:22:22.368570    1430 watch.go:40] Failed to load config from "/workspaces/LogiFlow/dataconnect": could not find dataconnect.yaml in `/workspaces/LogiFlow/dataconnect`
 {"metadata":{"emulator":{"name":"dataconnect"},"message":"E0901 10:22:22.368570    1430 watch.go:40] Failed to load config from \"/workspaces/LogiFlow/dataconnect\": could not find dataconnect.yaml in `/workspaces/LogiFlow/dataconnect`\n"}}
[debug] [2026-09-01T10:22:32.364Z] E0901 10:22:32.363857    1430 watch.go:40] Failed to load config from "/workspaces/LogiFlow/dataconnect": could not find dataconnect.yaml in `/workspaces/LogiFlow/dataconnect`
 {"metadata":{"emulator":{"name":"dataconnect"},"message":"E0901 10:22:32.363857    1430 watch.go:40] Failed to load config from \"/workspaces/LogiFlow/dataconnect\": could not find dataconnect.yaml in `/workspaces/LogiFlow/dataconnect`\n"}}
[debug] [2026-09-01T10:22:42.363Z] E0901 10:22:42.363526    1430 watch.go:40] Failed to load config from "/workspaces/LogiFlow/dataconnect": could not find dataconnect.yaml in `/workspaces/LogiFlow/dataconnect`
 {"metadata":{"emulator":{"name":"dataconnect"},"message":"E0901 10:22:42.363526    1430 watch.go:40] Failed to load config from \"/workspaces/LogiFlow/dataconnect\": could not find dataconnect.yaml in `/workspaces/LogiFlow/dataconnect`\n"}}
[debug] [2026-09-01T10:22:52.363Z] E0901 10:22:52.363416    1430 watch.go:40] Failed to load config from "/workspaces/LogiFlow/dataconnect": could not find dataconnect.yaml in `/workspaces/LogiFlow/dataconnect`
 {"metadata":{"emulator":{"name":"dataconnect"},"message":"E0901 10:22:52.363416    1430 watch.go:40] Failed to load config from \"/workspaces/LogiFlow/dataconnect\": could not find dataconnect.yaml in `/workspaces/LogiFlow/dataconnect`\n"}}
[debug] [2026-09-01T10:23:02.363Z] E0901 10:23:02.363644    1430 watch.go:116] watchAllDir unable to walk dir `/workspaces/LogiFlow/dataconnect`: lstat /workspaces/LogiFlow/dataconnect: no such file or directory
E0901 10:23:02.363732    1430 watch.go:40] Failed to load config from "/workspaces/LogiFlow/dataconnect": could not find dataconnect.yaml in `/workspaces/LogiFlow/dataconnect`
 {"metadata":{"emulator":{"name":"dataconnect"},"message":"E0901 10:23:02.363644    1430 watch.go:116] watchAllDir unable to walk dir `/workspaces/LogiFlow/dataconnect`: lstat /workspaces/LogiFlow/dataconnect: no such file or directory\nE0901 10:23:02.363732    1430 watch.go:40] Failed to load config from \"/workspaces/LogiFlow/dataconnect\": could not find dataconnect.yaml in `/workspaces/LogiFlow/dataconnect`\n"}}
[debug] [2026-09-01T10:23:12.363Z] E0901 10:23:12.363281    1430 watch.go:40] Failed to load config from "/workspaces/LogiFlow/dataconnect": could not find dataconnect.yaml in `/workspaces/LogiFlow/dataconnect`
 {"metadata":{"emulator":{"name":"dataconnect"},"message":"E0901 10:23:12.363281    1430 watch.go:40] Failed to load config from \"/workspaces/LogiFlow/dataconnect\": could not find dataconnect.yaml in `/workspaces/LogiFlow/dataconnect`\n"}}
[debug] [2026-09-01T10:23:22.369Z] E0901 10:23:22.369080    1430 watch.go:40] Failed to load config from "/workspaces/LogiFlow/dataconnect": could not find dataconnect.yaml in `/workspaces/LogiFlow/dataconnect`
 {"metadata":{"emulator":{"name":"dataconnect"},"message":"E0901 10:23:22.369080    1430 watch.go:40] Failed to load config from \"/workspaces/LogiFlow/dataconnect\": could not find dataconnect.yaml in `/workspaces/LogiFlow/dataconnect`\n"}}
[debug] [2026-09-01T10:23:32.363Z] E0901 10:23:32.363382    1430 watch.go:40] Failed to load config from "/workspaces/LogiFlow/dataconnect": could not find dataconnect.yaml in `/workspaces/LogiFlow/dataconnect`
 {"metadata":{"emulator":{"name":"dataconnect"},"message":"E0901 10:23:32.363382    1430 watch.go:40] Failed to load config from \"/workspaces/LogiFlow/dataconnect\": could not find dataconnect.yaml in `/workspaces/LogiFlow/dataconnect`\n"}}
[debug] [2026-09-01T10:23:42.370Z] E0901 10:23:42.369547    1430 watch.go:40] Failed to load config from "/workspaces/LogiFlow/dataconnect": could not find dataconnect.yaml in `/workspaces/LogiFlow/dataconnect`
 {"metadata":{"emulator":{"name":"dataconnect"},"message":"E0901 10:23:42.369547    1430 watch.go:40] Failed to load config from \"/workspaces/LogiFlow/dataconnect\": could not find dataconnect.yaml in `/workspaces/LogiFlow/dataconnect`\n"}}
[debug] [2026-09-01T10:23:52.372Z] E0901 10:23:52.371942    1430 watch.go:40] Failed to load config from "/workspaces/LogiFlow/dataconnect": could not find dataconnect.yaml in `/workspaces/LogiFlow/dataconnect`
 {"metadata":{"emulator":{"name":"dataconnect"},"message":"E0901 10:23:52.371942    1430 watch.go:40] Failed to load config from \"/workspaces/LogiFlow/dataconnect\": could not find dataconnect.yaml in `/workspaces/LogiFlow/dataconnect`\n"}}
[debug] [2026-09-01T10:24:02.363Z] E0901 10:24:02.363672    1430 watch.go:116] watchAllDir unable to walk dir `/workspaces/LogiFlow/dataconnect`: lstat /workspaces/LogiFlow/dataconnect: no such file or directory
E0901 10:24:02.363697    1430 watch.go:40] Failed to load config from "/workspaces/LogiFlow/dataconnect": could not find dataconnect.yaml in `/workspaces/LogiFlow/dataconnect`
 {"metadata":{"emulator":{"name":"dataconnect"},"message":"E0901 10:24:02.363672    1430 watch.go:116] watchAllDir unable to walk dir `/workspaces/LogiFlow/dataconnect`: lstat /workspaces/LogiFlow/dataconnect: no such file or directory\nE0901 10:24:02.363697    1430 watch.go:40] Failed to load config from \"/workspaces/LogiFlow/dataconnect\": could not find dataconnect.yaml in `/workspaces/LogiFlow/dataconnect`\n"}}
[debug] [2026-09-01T10:24:12.373Z] E0901 10:24:12.372857    1430 watch.go:40] Failed to load config from "/workspaces/LogiFlow/dataconnect": could not find dataconnect.yaml in `/workspaces/LogiFlow/dataconnect`
 {"metadata":{"emulator":{"name":"dataconnect"},"message":"E0901 10:24:12.372857    1430 watch.go:40] Failed to load config from \"/workspaces/LogiFlow/dataconnect\": could not find dataconnect.yaml in `/workspaces/LogiFlow/dataconnect`\n"}}
[debug] [2026-09-01T10:24:22.369Z] E0901 10:24:22.369351    1430 watch.go:40] Failed to load config from "/workspaces/LogiFlow/dataconnect": could not find dataconnect.yaml in `/workspaces/LogiFlow/dataconnect`
 {"metadata":{"emulator":{"name":"dataconnect"},"message":"E0901 10:24:22.369351    1430 watch.go:40] Failed to load config from \"/workspaces/LogiFlow/dataconnect\": could not find dataconnect.yaml in `/workspaces/LogiFlow/dataconnect`\n"}}
[debug] [2026-09-01T10:24:32.363Z] E0901 10:24:32.363652    1430 watch.go:40] Failed to load config from "/workspaces/LogiFlow/dataconnect": could not find dataconnect.yaml in `/workspaces/LogiFlow/dataconnect`
 {"metadata":{"emulator":{"name":"dataconnect"},"message":"E0901 10:24:32.363652    1430 watch.go:40] Failed to load config from \"/workspaces/LogiFlow/dataconnect\": could not find dataconnect.yaml in `/workspaces/LogiFlow/dataconnect`\n"}}
[debug] [2026-09-01T10:24:42.372Z] E0901 10:24:42.372759    1430 watch.go:40] Failed to load config from "/workspaces/LogiFlow/dataconnect": could not find dataconnect.yaml in `/workspaces/LogiFlow/dataconnect`
 {"metadata":{"emulator":{"name":"dataconnect"},"message":"E0901 10:24:42.372759    1430 watch.go:40] Failed to load config from \"/workspaces/LogiFlow/dataconnect\": could not find dataconnect.yaml in `/workspaces/LogiFlow/dataconnect`\n"}}
[debug] [2026-09-01T10:24:52.363Z] E0901 10:24:52.363579    1430 watch.go:40] Failed to load config from "/workspaces/LogiFlow/dataconnect": could not find dataconnect.yaml in `/workspaces/LogiFlow/dataconnect`
 {"metadata":{"emulator":{"name":"dataconnect"},"message":"E0901 10:24:52.363579    1430 watch.go:40] Failed to load config from \"/workspaces/LogiFlow/dataconnect\": could not find dataconnect.yaml in `/workspaces/LogiFlow/dataconnect`\n"}}
[debug] [2026-09-01T10:25:02.363Z] E0901 10:25:02.363498    1430 watch.go:116] watchAllDir unable to walk dir `/workspaces/LogiFlow/dataconnect`: lstat /workspaces/LogiFlow/dataconnect: no such file or directory
E0901 10:25:02.363535    1430 watch.go:40] Failed to load config from "/workspaces/LogiFlow/dataconnect": could not find dataconnect.yaml in `/workspaces/LogiFlow/dataconnect`
 {"metadata":{"emulator":{"name":"dataconnect"},"message":"E0901 10:25:02.363498    1430 watch.go:116] watchAllDir unable to walk dir `/workspaces/LogiFlow/dataconnect`: lstat /workspaces/LogiFlow/dataconnect: no such file or directory\nE0901 10:25:02.363535    1430 watch.go:40] Failed to load config from \"/workspaces/LogiFlow/dataconnect\": could not find dataconnect.yaml in `/workspaces/LogiFlow/dataconnect`\n"}}
[debug] [2026-09-02T22:01:42.410Z] [Firebase Plugin] Activating Firebase extension.
[debug] [2026-09-02T22:01:48.844Z] [Firebase Plugin] requireAuthWrapper
[debug] [2026-09-02T22:01:48.845Z] > command requires scopes: ["email","openid","https://www.googleapis.com/auth/cloudplatformprojects.readonly","https://www.googleapis.com/auth/firebase","https://www.googleapis.com/auth/cloud-platform"]
[debug] [2026-09-02T22:01:48.888Z] [Firebase Plugin] VSCode notification server listening on port 40001
[error] [Firebase Plugin] requireAuth error: Could not load the default credentials. Browse to https://cloud.google.com/docs/authentication/getting-started for more information.
[info] [Firebase Plugin] Starting SQL Connect toolkit (version 3.4.16) on port 50001
[debug] [2026-09-02T22:02:01.053Z] 'fdc build' failed with error: Unable to build your SQL Connect schema and connectors (exit code 1): E0902 22:02:01.051369     980 cmd.go:43] Error loading data connect config: could not find dataconnect.yaml in `/workspaces/LogiFlow/dataconnect`
 {"metadata":{"emulator":{"name":"dataconnect"},"message":"'fdc build' failed with error: Unable to build your SQL Connect schema and connectors (exit code 1): E0902 22:02:01.051369     980 cmd.go:43] Error loading data connect config: could not find dataconnect.yaml in `/workspaces/LogiFlow/dataconnect`\n"}}
[debug] [2026-09-02T22:02:01.054Z] Ignoring unsupported arg: auto_download {"metadata":{"emulator":{"name":"dataconnect"},"message":"Ignoring unsupported arg: auto_download"}}
[debug] [2026-09-02T22:02:01.054Z] Ignoring unsupported arg: port {"metadata":{"emulator":{"name":"dataconnect"},"message":"Ignoring unsupported arg: port"}}
[debug] [2026-09-02T22:02:01.055Z] Starting SQL Connect Emulator with command {"binary":"/home/vscode/.cache/firebase/emulators/dataconnect-emulator-3.4.16","args":["--logtostderr","-v=2","dev","--listen=localhost:50001","--config_dir=/workspaces/LogiFlow/dataconnect","--enable_output_schema_extensions=true","--enable_output_generated_sdk=true"],"optionalArgs":["listen","config_dir","enable_output_schema_extensions","enable_output_generated_sdk"],"joinArgs":true,"shell":false,"port":9399} {"metadata":{"emulator":{"name":"dataconnect"},"message":"Starting SQL Connect Emulator with command {\"binary\":\"/home/vscode/.cache/firebase/emulators/dataconnect-emulator-3.4.16\",\"args\":[\"--logtostderr\",\"-v=2\",\"dev\",\"--listen=localhost:50001\",\"--config_dir=/workspaces/LogiFlow/dataconnect\",\"--enable_output_schema_extensions=true\",\"--enable_output_generated_sdk=true\"],\"optionalArgs\":[\"listen\",\"config_dir\",\"enable_output_schema_extensions\",\"enable_output_generated_sdk\"],\"joinArgs\":true,\"shell\":false,\"port\":9399}"}}
[info] i  dataconnect: SQL Connect Emulator logging to dataconnect-debug.log {"metadata":{"emulator":{"name":"dataconnect"},"message":"SQL Connect Emulator logging to dataconnect-debug.log"}}
[debug] [2026-09-02T22:02:02.069Z] E0902 22:02:01.088388    1266 dev.go:80] Failed to load initial config from "/workspaces/LogiFlow/dataconnect": could not find dataconnect.yaml in `/workspaces/LogiFlow/dataconnect`
E0902 22:02:01.088941    1266 watch.go:116] watchAllDir unable to walk dir `/workspaces/LogiFlow/dataconnect`: lstat /workspaces/LogiFlow/dataconnect: no such file or directory
I0902 22:02:01.090335    1266 dev.go:101] Listening on address (HTTP + gRPC): 127.0.0.1:50001
 {"metadata":{"emulator":{"name":"dataconnect"},"message":"E0902 22:02:01.088388    1266 dev.go:80] Failed to load initial config from \"/workspaces/LogiFlow/dataconnect\": could not find dataconnect.yaml in `/workspaces/LogiFlow/dataconnect`\nE0902 22:02:01.088941    1266 watch.go:116] watchAllDir unable to walk dir `/workspaces/LogiFlow/dataconnect`: lstat /workspaces/LogiFlow/dataconnect: no such file or directory\nI0902 22:02:01.090335    1266 dev.go:101] Listening on address (HTTP + gRPC): 127.0.0.1:50001\n"}}
[error] [Firebase Plugin] error:  {}
[debug] [2026-09-02T22:02:11.089Z] E0902 22:02:11.089208    1266 watch.go:40] Failed to load config from "/workspaces/LogiFlow/dataconnect": could not find dataconnect.yaml in `/workspaces/LogiFlow/dataconnect`
 {"metadata":{"emulator":{"name":"dataconnect"},"message":"E0902 22:02:11.089208    1266 watch.go:40] Failed to load config from \"/workspaces/LogiFlow/dataconnect\": could not find dataconnect.yaml in `/workspaces/LogiFlow/dataconnect`\n"}}
[debug] [2026-09-02T22:02:21.089Z] E0902 22:02:21.089139    1266 watch.go:40] Failed to load config from "/workspaces/LogiFlow/dataconnect": could not find dataconnect.yaml in `/workspaces/LogiFlow/dataconnect`
 {"metadata":{"emulator":{"name":"dataconnect"},"message":"E0902 22:02:21.089139    1266 watch.go:40] Failed to load config from \"/workspaces/LogiFlow/dataconnect\": could not find dataconnect.yaml in `/workspaces/LogiFlow/dataconnect`\n"}}
[debug] [2026-09-02T22:02:31.261Z] E0902 22:02:31.089366    1266 watch.go:40] Failed to load config from "/workspaces/LogiFlow/dataconnect": could not find dataconnect.yaml in `/workspaces/LogiFlow/dataconnect`
 {"metadata":{"emulator":{"name":"dataconnect"},"message":"E0902 22:02:31.089366    1266 watch.go:40] Failed to load config from \"/workspaces/LogiFlow/dataconnect\": could not find dataconnect.yaml in `/workspaces/LogiFlow/dataconnect`\n"}}
[debug] [2026-09-02T22:02:41.089Z] E0902 22:02:41.089174    1266 watch.go:40] Failed to load config from "/workspaces/LogiFlow/dataconnect": could not find dataconnect.yaml in `/workspaces/LogiFlow/dataconnect`
 {"metadata":{"emulator":{"name":"dataconnect"},"message":"E0902 22:02:41.089174    1266 watch.go:40] Failed to load config from \"/workspaces/LogiFlow/dataconnect\": could not find dataconnect.yaml in `/workspaces/LogiFlow/dataconnect`\n"}}
[debug] [2026-09-02T22:02:51.098Z] E0902 22:02:51.098266    1266 watch.go:40] Failed to load config from "/workspaces/LogiFlow/dataconnect": could not find dataconnect.yaml in `/workspaces/LogiFlow/dataconnect`
 {"metadata":{"emulator":{"name":"dataconnect"},"message":"E0902 22:02:51.098266    1266 watch.go:40] Failed to load config from \"/workspaces/LogiFlow/dataconnect\": could not find dataconnect.yaml in `/workspaces/LogiFlow/dataconnect`\n"}}
[debug] [2026-09-02T22:03:01.089Z] E0902 22:03:01.089274    1266 watch.go:116] watchAllDir unable to walk dir `/workspaces/LogiFlow/dataconnect`: lstat /workspaces/LogiFlow/dataconnect: no such file or directory
E0902 22:03:01.089315    1266 watch.go:40] Failed to load config from "/workspaces/LogiFlow/dataconnect": could not find dataconnect.yaml in `/workspaces/LogiFlow/dataconnect`
 {"metadata":{"emulator":{"name":"dataconnect"},"message":"E0902 22:03:01.089274    1266 watch.go:116] watchAllDir unable to walk dir `/workspaces/LogiFlow/dataconnect`: lstat /workspaces/LogiFlow/dataconnect: no such file or directory\nE0902 22:03:01.089315    1266 watch.go:40] Failed to load config from \"/workspaces/LogiFlow/dataconnect\": could not find dataconnect.yaml in `/workspaces/LogiFlow/dataconnect`\n"}}
[debug] [2026-09-02T22:03:11.098Z] E0902 22:03:11.098418    1266 watch.go:40] Failed to load config from "/workspaces/LogiFlow/dataconnect": could not find dataconnect.yaml in `/workspaces/LogiFlow/dataconnect`
 {"metadata":{"emulator":{"name":"dataconnect"},"message":"E0902 22:03:11.098418    1266 watch.go:40] Failed to load config from \"/workspaces/LogiFlow/dataconnect\": could not find dataconnect.yaml in `/workspaces/LogiFlow/dataconnect`\n"}}
[debug] [2026-09-02T22:03:21.098Z] E0902 22:03:21.098142    1266 watch.go:40] Failed to load config from "/workspaces/LogiFlow/dataconnect": could not find dataconnect.yaml in `/workspaces/LogiFlow/dataconnect`
 {"metadata":{"emulator":{"name":"dataconnect"},"message":"E0902 22:03:21.098142    1266 watch.go:40] Failed to load config from \"/workspaces/LogiFlow/dataconnect\": could not find dataconnect.yaml in `/workspaces/LogiFlow/dataconnect`\n"}}
[debug] [2026-09-02T22:03:31.090Z] E0902 22:03:31.089772    1266 watch.go:40] Failed to load config from "/workspaces/LogiFlow/dataconnect": could not find dataconnect.yaml in `/workspaces/LogiFlow/dataconnect`
 {"metadata":{"emulator":{"name":"dataconnect"},"message":"E0902 22:03:31.089772    1266 watch.go:40] Failed to load config from \"/workspaces/LogiFlow/dataconnect\": could not find dataconnect.yaml in `/workspaces/LogiFlow/dataconnect`\n"}}
[debug] [2026-09-02T22:03:41.098Z] E0902 22:03:41.098852    1266 watch.go:40] Failed to load config from "/workspaces/LogiFlow/dataconnect": could not find dataconnect.yaml in `/workspaces/LogiFlow/dataconnect`
 {"metadata":{"emulator":{"name":"dataconnect"},"message":"E0902 22:03:41.098852    1266 watch.go:40] Failed to load config from \"/workspaces/LogiFlow/dataconnect\": could not find dataconnect.yaml in `/workspaces/LogiFlow/dataconnect`\n"}}
[debug] [2026-09-02T22:03:51.096Z] E0902 22:03:51.096527    1266 watch.go:40] Failed to load config from "/workspaces/LogiFlow/dataconnect": could not find dataconnect.yaml in `/workspaces/LogiFlow/dataconnect`
 {"metadata":{"emulator":{"name":"dataconnect"},"message":"E0902 22:03:51.096527    1266 watch.go:40] Failed to load config from \"/workspaces/LogiFlow/dataconnect\": could not find dataconnect.yaml in `/workspaces/LogiFlow/dataconnect`\n"}}
[debug] [2026-09-02T22:04:01.090Z] E0902 22:04:01.089196    1266 watch.go:116] watchAllDir unable to walk dir `/workspaces/LogiFlow/dataconnect`: lstat /workspaces/LogiFlow/dataconnect: no such file or directory
E0902 22:04:01.089644    1266 watch.go:40] Failed to load config from "/workspaces/LogiFlow/dataconnect": could not find dataconnect.yaml in `/workspaces/LogiFlow/dataconnect`
 {"metadata":{"emulator":{"name":"dataconnect"},"message":"E0902 22:04:01.089196    1266 watch.go:116] watchAllDir unable to walk dir `/workspaces/LogiFlow/dataconnect`: lstat /workspaces/LogiFlow/dataconnect: no such file or directory\nE0902 22:04:01.089644    1266 watch.go:40] Failed to load config from \"/workspaces/LogiFlow/dataconnect\": could not find dataconnect.yaml in `/workspaces/LogiFlow/dataconnect`\n"}}
[debug] [2026-09-02T22:04:11.089Z] E0902 22:04:11.089199    1266 watch.go:40] Failed to load config from "/workspaces/LogiFlow/dataconnect": could not find dataconnect.yaml in `/workspaces/LogiFlow/dataconnect`
 {"metadata":{"emulator":{"name":"dataconnect"},"message":"E0902 22:04:11.089199    1266 watch.go:40] Failed to load config from \"/workspaces/LogiFlow/dataconnect\": could not find dataconnect.yaml in `/workspaces/LogiFlow/dataconnect`\n"}}
[debug] [2026-09-02T22:04:21.098Z] E0902 22:04:21.098576    1266 watch.go:40] Failed to load config from "/workspaces/LogiFlow/dataconnect": could not find dataconnect.yaml in `/workspaces/LogiFlow/dataconnect`
 {"metadata":{"emulator":{"name":"dataconnect"},"message":"E0902 22:04:21.098576    1266 watch.go:40] Failed to load config from \"/workspaces/LogiFlow/dataconnect\": could not find dataconnect.yaml in `/workspaces/LogiFlow/dataconnect`\n"}}
[debug] [2026-09-02T22:04:31.090Z] E0902 22:04:31.089917    1266 watch.go:40] Failed to load config from "/workspaces/LogiFlow/dataconnect": could not find dataconnect.yaml in `/workspaces/LogiFlow/dataconnect`
 {"metadata":{"emulator":{"name":"dataconnect"},"message":"E0902 22:04:31.089917    1266 watch.go:40] Failed to load config from \"/workspaces/LogiFlow/dataconnect\": could not find dataconnect.yaml in `/workspaces/LogiFlow/dataconnect`\n"}}
[debug] [2026-09-02T22:04:41.099Z] E0902 22:04:41.099016    1266 watch.go:40] Failed to load config from "/workspaces/LogiFlow/dataconnect": could not find dataconnect.yaml in `/workspaces/LogiFlow/dataconnect`
 {"metadata":{"emulator":{"name":"dataconnect"},"message":"E0902 22:04:41.099016    1266 watch.go:40] Failed to load config from \"/workspaces/LogiFlow/dataconnect\": could not find dataconnect.yaml in `/workspaces/LogiFlow/dataconnect`\n"}}
[debug] [2026-09-02T22:04:51.089Z] E0902 22:04:51.089169    1266 watch.go:40] Failed to load config from "/workspaces/LogiFlow/dataconnect": could not find dataconnect.yaml in `/workspaces/LogiFlow/dataconnect`
 {"metadata":{"emulator":{"name":"dataconnect"},"message":"E0902 22:04:51.089169    1266 watch.go:40] Failed to load config from \"/workspaces/LogiFlow/dataconnect\": could not find dataconnect.yaml in `/workspaces/LogiFlow/dataconnect`\n"}}
[debug] [2026-09-02T22:05:01.089Z] E0902 22:05:01.089616    1266 watch.go:116] watchAllDir unable to walk dir `/workspaces/LogiFlow/dataconnect`: lstat /workspaces/LogiFlow/dataconnect: no such file or directory
E0902 22:05:01.089692    1266 watch.go:40] Failed to load config from "/workspaces/LogiFlow/dataconnect": could not find dataconnect.yaml in `/workspaces/LogiFlow/dataconnect`
 {"metadata":{"emulator":{"name":"dataconnect"},"message":"E0902 22:05:01.089616    1266 watch.go:116] watchAllDir unable to walk dir `/workspaces/LogiFlow/dataconnect`: lstat /workspaces/LogiFlow/dataconnect: no such file or directory\nE0902 22:05:01.089692    1266 watch.go:40] Failed to load config from \"/workspaces/LogiFlow/dataconnect\": could not find dataconnect.yaml in `/workspaces/LogiFlow/dataconnect`\n"}}
[debug] [2026-09-02T22:05:11.092Z] E0902 22:05:11.092547    1266 watch.go:40] Failed to load config from "/workspaces/LogiFlow/dataconnect": could not find dataconnect.yaml in `/workspaces/LogiFlow/dataconnect`
 {"metadata":{"emulator":{"name":"dataconnect"},"message":"E0902 22:05:11.092547    1266 watch.go:40] Failed to load config from \"/workspaces/LogiFlow/dataconnect\": could not find dataconnect.yaml in `/workspaces/LogiFlow/dataconnect`\n"}}
[debug] [2026-09-02T22:05:21.098Z] E0902 22:05:21.098633    1266 watch.go:40] Failed to load config from "/workspaces/LogiFlow/dataconnect": could not find dataconnect.yaml in `/workspaces/LogiFlow/dataconnect`
 {"metadata":{"emulator":{"name":"dataconnect"},"message":"E0902 22:05:21.098633    1266 watch.go:40] Failed to load config from \"/workspaces/LogiFlow/dataconnect\": could not find dataconnect.yaml in `/workspaces/LogiFlow/dataconnect`\n"}}
[debug] [2026-09-02T22:05:31.089Z] E0902 22:05:31.089775    1266 watch.go:40] Failed to load config from "/workspaces/LogiFlow/dataconnect": could not find dataconnect.yaml in `/workspaces/LogiFlow/dataconnect`
 {"metadata":{"emulator":{"name":"dataconnect"},"message":"E0902 22:05:31.089775    1266 watch.go:40] Failed to load config from \"/workspaces/LogiFlow/dataconnect\": could not find dataconnect.yaml in `/workspaces/LogiFlow/dataconnect`\n"}}
[debug] [2026-09-02T22:05:41.089Z] E0902 22:05:41.089139    1266 watch.go:40] Failed to load config from "/workspaces/LogiFlow/dataconnect": could not find dataconnect.yaml in `/workspaces/LogiFlow/dataconnect`
 {"metadata":{"emulator":{"name":"dataconnect"},"message":"E0902 22:05:41.089139    1266 watch.go:40] Failed to load config from \"/workspaces/LogiFlow/dataconnect\": could not find dataconnect.yaml in `/workspaces/LogiFlow/dataconnect`\n"}}
[debug] [2026-09-02T22:05:51.098Z] E0902 22:05:51.098197    1266 watch.go:40] Failed to load config from "/workspaces/LogiFlow/dataconnect": could not find dataconnect.yaml in `/workspaces/LogiFlow/dataconnect`
 {"metadata":{"emulator":{"name":"dataconnect"},"message":"E0902 22:05:51.098197    1266 watch.go:40] Failed to load config from \"/workspaces/LogiFlow/dataconnect\": could not find dataconnect.yaml in `/workspaces/LogiFlow/dataconnect`\n"}}
[debug] [2026-09-02T22:06:01.089Z] E0902 22:06:01.089661    1266 watch.go:116] watchAllDir unable to walk dir `/workspaces/LogiFlow/dataconnect`: lstat /workspaces/LogiFlow/dataconnect: no such file or directory
 {"metadata":{"emulator":{"name":"dataconnect"},"message":"E0902 22:06:01.089661    1266 watch.go:116] watchAllDir unable to walk dir `/workspaces/LogiFlow/dataconnect`: lstat /workspaces/LogiFlow/dataconnect: no such file or directory\n"}}
[debug] [2026-09-02T22:06:01.090Z] E0902 22:06:01.089736    1266 watch.go:40] Failed to load config from "/workspaces/LogiFlow/dataconnect": could not find dataconnect.yaml in `/workspaces/LogiFlow/dataconnect`
 {"metadata":{"emulator":{"name":"dataconnect"},"message":"E0902 22:06:01.089736    1266 watch.go:40] Failed to load config from \"/workspaces/LogiFlow/dataconnect\": could not find dataconnect.yaml in `/workspaces/LogiFlow/dataconnect`\n"}}
[debug] [2026-09-02T22:06:11.089Z] E0902 22:06:11.089391    1266 watch.go:40] Failed to load config from "/workspaces/LogiFlow/dataconnect": could not find dataconnect.yaml in `/workspaces/LogiFlow/dataconnect`
 {"metadata":{"emulator":{"name":"dataconnect"},"message":"E0902 22:06:11.089391    1266 watch.go:40] Failed to load config from \"/workspaces/LogiFlow/dataconnect\": could not find dataconnect.yaml in `/workspaces/LogiFlow/dataconnect`\n"}}
[debug] [2026-09-02T22:06:21.089Z] E0902 22:06:21.089327    1266 watch.go:40] Failed to load config from "/workspaces/LogiFlow/dataconnect": could not find dataconnect.yaml in `/workspaces/LogiFlow/dataconnect`
 {"metadata":{"emulator":{"name":"dataconnect"},"message":"E0902 22:06:21.089327    1266 watch.go:40] Failed to load config from \"/workspaces/LogiFlow/dataconnect\": could not find dataconnect.yaml in `/workspaces/LogiFlow/dataconnect`\n"}}
[debug] [2026-09-02T22:06:31.089Z] E0902 22:06:31.089446    1266 watch.go:40] Failed to load config from "/workspaces/LogiFlow/dataconnect": could not find dataconnect.yaml in `/workspaces/LogiFlow/dataconnect`
 {"metadata":{"emulator":{"name":"dataconnect"},"message":"E0902 22:06:31.089446    1266 watch.go:40] Failed to load config from \"/workspaces/LogiFlow/dataconnect\": could not find dataconnect.yaml in `/workspaces/LogiFlow/dataconnect`\n"}}
[debug] [2026-09-02T22:06:41.098Z] E0902 22:06:41.098533    1266 watch.go:40] Failed to load config from "/workspaces/LogiFlow/dataconnect": could not find dataconnect.yaml in `/workspaces/LogiFlow/dataconnect`
 {"metadata":{"emulator":{"name":"dataconnect"},"message":"E0902 22:06:41.098533    1266 watch.go:40] Failed to load config from \"/workspaces/LogiFlow/dataconnect\": could not find dataconnect.yaml in `/workspaces/LogiFlow/dataconnect`\n"}}
[debug] [2026-09-02T22:06:51.098Z] E0902 22:06:51.098636    1266 watch.go:40] Failed to load config from "/workspaces/LogiFlow/dataconnect": could not find dataconnect.yaml in `/workspaces/LogiFlow/dataconnect`
 {"metadata":{"emulator":{"name":"dataconnect"},"message":"E0902 22:06:51.098636    1266 watch.go:40] Failed to load config from \"/workspaces/LogiFlow/dataconnect\": could not find dataconnect.yaml in `/workspaces/LogiFlow/dataconnect`\n"}}
[debug] [2026-09-02T22:07:01.090Z] E0902 22:07:01.089934    1266 watch.go:116] watchAllDir unable to walk dir `/workspaces/LogiFlow/dataconnect`: lstat /workspaces/LogiFlow/dataconnect: no such file or directory
E0902 22:07:01.090024    1266 watch.go:40] Failed to load config from "/workspaces/LogiFlow/dataconnect": could not find dataconnect.yaml in `/workspaces/LogiFlow/dataconnect`
 {"metadata":{"emulator":{"name":"dataconnect"},"message":"E0902 22:07:01.089934    1266 watch.go:116] watchAllDir unable to walk dir `/workspaces/LogiFlow/dataconnect`: lstat /workspaces/LogiFlow/dataconnect: no such file or directory\nE0902 22:07:01.090024    1266 watch.go:40] Failed to load config from \"/workspaces/LogiFlow/dataconnect\": could not find dataconnect.yaml in `/workspaces/LogiFlow/dataconnect`\n"}}
[debug] [2026-09-02T22:07:11.100Z] E0902 22:07:11.098619    1266 watch.go:40] Failed to load config from "/workspaces/LogiFlow/dataconnect": could not find dataconnect.yaml in `/workspaces/LogiFlow/dataconnect`
 {"metadata":{"emulator":{"name":"dataconnect"},"message":"E0902 22:07:11.098619    1266 watch.go:40] Failed to load config from \"/workspaces/LogiFlow/dataconnect\": could not find dataconnect.yaml in `/workspaces/LogiFlow/dataconnect`\n"}}
[debug] [2026-09-02T22:07:21.098Z] E0902 22:07:21.098716    1266 watch.go:40] Failed to load config from "/workspaces/LogiFlow/dataconnect": could not find dataconnect.yaml in `/workspaces/LogiFlow/dataconnect`
 {"metadata":{"emulator":{"name":"dataconnect"},"message":"E0902 22:07:21.098716    1266 watch.go:40] Failed to load config from \"/workspaces/LogiFlow/dataconnect\": could not find dataconnect.yaml in `/workspaces/LogiFlow/dataconnect`\n"}}
[debug] [2026-09-02T22:07:31.090Z] E0902 22:07:31.090002    1266 watch.go:40] Failed to load config from "/workspaces/LogiFlow/dataconnect": could not find dataconnect.yaml in `/workspaces/LogiFlow/dataconnect`
 {"metadata":{"emulator":{"name":"dataconnect"},"message":"E0902 22:07:31.090002    1266 watch.go:40] Failed to load config from \"/workspaces/LogiFlow/dataconnect\": could not find dataconnect.yaml in `/workspaces/LogiFlow/dataconnect`\n"}}
[debug] [2026-09-02T22:07:41.099Z] E0902 22:07:41.099053    1266 watch.go:40] Failed to load config from "/workspaces/LogiFlow/dataconnect": could not find dataconnect.yaml in `/workspaces/LogiFlow/dataconnect`
 {"metadata":{"emulator":{"name":"dataconnect"},"message":"E0902 22:07:41.099053    1266 watch.go:40] Failed to load config from \"/workspaces/LogiFlow/dataconnect\": could not find dataconnect.yaml in `/workspaces/LogiFlow/dataconnect`\n"}}
[debug] [2026-09-02T22:07:51.089Z] E0902 22:07:51.089172    1266 watch.go:40] Failed to load config from "/workspaces/LogiFlow/dataconnect": could not find dataconnect.yaml in `/workspaces/LogiFlow/dataconnect`
 {"metadata":{"emulator":{"name":"dataconnect"},"message":"E0902 22:07:51.089172    1266 watch.go:40] Failed to load config from \"/workspaces/LogiFlow/dataconnect\": could not find dataconnect.yaml in `/workspaces/LogiFlow/dataconnect`\n"}}
[debug] [2026-09-02T22:08:01.089Z] E0902 22:08:01.089776    1266 watch.go:116] watchAllDir unable to walk dir `/workspaces/LogiFlow/dataconnect`: lstat /workspaces/LogiFlow/dataconnect: no such file or directory
E0902 22:08:01.089796    1266 watch.go:40] Failed to load config from "/workspaces/LogiFlow/dataconnect": could not find dataconnect.yaml in `/workspaces/LogiFlow/dataconnect`
 {"metadata":{"emulator":{"name":"dataconnect"},"message":"E0902 22:08:01.089776    1266 watch.go:116] watchAllDir unable to walk dir `/workspaces/LogiFlow/dataconnect`: lstat /workspaces/LogiFlow/dataconnect: no such file or directory\nE0902 22:08:01.089796    1266 watch.go:40] Failed to load config from \"/workspaces/LogiFlow/dataconnect\": could not find dataconnect.yaml in `/workspaces/LogiFlow/dataconnect`\n"}}
[debug] [2026-09-02T22:08:11.090Z] E0902 22:08:11.090514    1266 watch.go:40] Failed to load config from "/workspaces/LogiFlow/dataconnect": could not find dataconnect.yaml in `/workspaces/LogiFlow/dataconnect`
 {"metadata":{"emulator":{"name":"dataconnect"},"message":"E0902 22:08:11.090514    1266 watch.go:40] Failed to load config from \"/workspaces/LogiFlow/dataconnect\": could not find dataconnect.yaml in `/workspaces/LogiFlow/dataconnect`\n"}}
[debug] [2026-09-02T22:08:21.089Z] E0902 22:08:21.089492    1266 watch.go:40] Failed to load config from "/workspaces/LogiFlow/dataconnect": could not find dataconnect.yaml in `/workspaces/LogiFlow/dataconnect`
 {"metadata":{"emulator":{"name":"dataconnect"},"message":"E0902 22:08:21.089492    1266 watch.go:40] Failed to load config from \"/workspaces/LogiFlow/dataconnect\": could not find dataconnect.yaml in `/workspaces/LogiFlow/dataconnect`\n"}}
[debug] [2026-09-02T22:08:31.089Z] E0902 22:08:31.089375    1266 watch.go:40] Failed to load config from "/workspaces/LogiFlow/dataconnect": could not find dataconnect.yaml in `/workspaces/LogiFlow/dataconnect`
 {"metadata":{"emulator":{"name":"dataconnect"},"message":"E0902 22:08:31.089375    1266 watch.go:40] Failed to load config from \"/workspaces/LogiFlow/dataconnect\": could not find dataconnect.yaml in `/workspaces/LogiFlow/dataconnect`\n"}}
[debug] [2026-09-02T22:08:41.098Z] E0902 22:08:41.098460    1266 watch.go:40] Failed to load config from "/workspaces/LogiFlow/dataconnect": could not find dataconnect.yaml in `/workspaces/LogiFlow/dataconnect`
 {"metadata":{"emulator":{"name":"dataconnect"},"message":"E0902 22:08:41.098460    1266 watch.go:40] Failed to load config from \"/workspaces/LogiFlow/dataconnect\": could not find dataconnect.yaml in `/workspaces/LogiFlow/dataconnect`\n"}}
[debug] [2026-09-02T22:08:51.089Z] E0902 22:08:51.089638    1266 watch.go:40] Failed to load config from "/workspaces/LogiFlow/dataconnect": could not find dataconnect.yaml in `/workspaces/LogiFlow/dataconnect`
 {"metadata":{"emulator":{"name":"dataconnect"},"message":"E0902 22:08:51.089638    1266 watch.go:40] Failed to load config from \"/workspaces/LogiFlow/dataconnect\": could not find dataconnect.yaml in `/workspaces/LogiFlow/dataconnect`\n"}}
[debug] [2026-09-02T22:09:01.090Z] E0902 22:09:01.089967    1266 watch.go:116] watchAllDir unable to walk dir `/workspaces/LogiFlow/dataconnect`: lstat /workspaces/LogiFlow/dataconnect: no such file or directory
E0902 22:09:01.090060    1266 watch.go:40] Failed to load config from "/workspaces/LogiFlow/dataconnect": could not find dataconnect.yaml in `/workspaces/LogiFlow/dataconnect`
 {"metadata":{"emulator":{"name":"dataconnect"},"message":"E0902 22:09:01.089967    1266 watch.go:116] watchAllDir unable to walk dir `/workspaces/LogiFlow/dataconnect`: lstat /workspaces/LogiFlow/dataconnect: no such file or directory\nE0902 22:09:01.090060    1266 watch.go:40] Failed to load config from \"/workspaces/LogiFlow/dataconnect\": could not find dataconnect.yaml in `/workspaces/LogiFlow/dataconnect`\n"}}
[debug] [2026-09-02T22:09:11.099Z] E0902 22:09:11.099192    1266 watch.go:40] Failed to load config from "/workspaces/LogiFlow/dataconnect": could not find dataconnect.yaml in `/workspaces/LogiFlow/dataconnect`
 {"metadata":{"emulator":{"name":"dataconnect"},"message":"E0902 22:09:11.099192    1266 watch.go:40] Failed to load config from \"/workspaces/LogiFlow/dataconnect\": could not find dataconnect.yaml in `/workspaces/LogiFlow/dataconnect`\n"}}
[debug] [2026-09-02T22:09:21.098Z] E0902 22:09:21.098284    1266 watch.go:40] Failed to load config from "/workspaces/LogiFlow/dataconnect": could not find dataconnect.yaml in `/workspaces/LogiFlow/dataconnect`
 {"metadata":{"emulator":{"name":"dataconnect"},"message":"E0902 22:09:21.098284    1266 watch.go:40] Failed to load config from \"/workspaces/LogiFlow/dataconnect\": could not find dataconnect.yaml in `/workspaces/LogiFlow/dataconnect`\n"}}
[debug] [2026-09-02T22:09:31.090Z] E0902 22:09:31.089873    1266 watch.go:40] Failed to load config from "/workspaces/LogiFlow/dataconnect": could not find dataconnect.yaml in `/workspaces/LogiFlow/dataconnect`
 {"metadata":{"emulator":{"name":"dataconnect"},"message":"E0902 22:09:31.089873    1266 watch.go:40] Failed to load config from \"/workspaces/LogiFlow/dataconnect\": could not find dataconnect.yaml in `/workspaces/LogiFlow/dataconnect`\n"}}
[debug] [2026-09-02T22:09:41.089Z] E0902 22:09:41.089180    1266 watch.go:40] Failed to load config from "/workspaces/LogiFlow/dataconnect": could not find dataconnect.yaml in `/workspaces/LogiFlow/dataconnect`
 {"metadata":{"emulator":{"name":"dataconnect"},"message":"E0902 22:09:41.089180    1266 watch.go:40] Failed to load config from \"/workspaces/LogiFlow/dataconnect\": could not find dataconnect.yaml in `/workspaces/LogiFlow/dataconnect`\n"}}
[debug] [2026-09-02T22:09:51.090Z] E0902 22:09:51.090668    1266 watch.go:40] Failed to load config from "/workspaces/LogiFlow/dataconnect": could not find dataconnect.yaml in `/workspaces/LogiFlow/dataconnect`
 {"metadata":{"emulator":{"name":"dataconnect"},"message":"E0902 22:09:51.090668    1266 watch.go:40] Failed to load config from \"/workspaces/LogiFlow/dataconnect\": could not find dataconnect.yaml in `/workspaces/LogiFlow/dataconnect`\n"}}
[debug] [2026-09-02T22:10:01.157Z] E0902 22:10:01.089794    1266 watch.go:116] watchAllDir unable to walk dir `/workspaces/LogiFlow/dataconnect`: lstat /workspaces/LogiFlow/dataconnect: no such file or directory
E0902 22:10:01.089823    1266 watch.go:40] Failed to load config from "/workspaces/LogiFlow/dataconnect": could not find dataconnect.yaml in `/workspaces/LogiFlow/dataconnect`
 {"metadata":{"emulator":{"name":"dataconnect"},"message":"E0902 22:10:01.089794    1266 watch.go:116] watchAllDir unable to walk dir `/workspaces/LogiFlow/dataconnect`: lstat /workspaces/LogiFlow/dataconnect: no such file or directory\nE0902 22:10:01.089823    1266 watch.go:40] Failed to load config from \"/workspaces/LogiFlow/dataconnect\": could not find dataconnect.yaml in `/workspaces/LogiFlow/dataconnect`\n"}}
[debug] [2026-09-02T22:10:11.089Z] E0902 22:10:11.089190    1266 watch.go:40] Failed to load config from "/workspaces/LogiFlow/dataconnect": could not find dataconnect.yaml in `/workspaces/LogiFlow/dataconnect`
 {"metadata":{"emulator":{"name":"dataconnect"},"message":"E0902 22:10:11.089190    1266 watch.go:40] Failed to load config from \"/workspaces/LogiFlow/dataconnect\": could not find dataconnect.yaml in `/workspaces/LogiFlow/dataconnect`\n"}}
[debug] [2026-09-02T22:10:21.089Z] E0902 22:10:21.089189    1266 watch.go:40] Failed to load config from "/workspaces/LogiFlow/dataconnect": could not find dataconnect.yaml in `/workspaces/LogiFlow/dataconnect`
 {"metadata":{"emulator":{"name":"dataconnect"},"message":"E0902 22:10:21.089189    1266 watch.go:40] Failed to load config from \"/workspaces/LogiFlow/dataconnect\": could not find dataconnect.yaml in `/workspaces/LogiFlow/dataconnect`\n"}}
[debug] [2026-09-02T22:10:31.089Z] E0902 22:10:31.089170    1266 watch.go:40] Failed to load config from "/workspaces/LogiFlow/dataconnect": could not find dataconnect.yaml in `/workspaces/LogiFlow/dataconnect`
 {"metadata":{"emulator":{"name":"dataconnect"},"message":"E0902 22:10:31.089170    1266 watch.go:40] Failed to load config from \"/workspaces/LogiFlow/dataconnect\": could not find dataconnect.yaml in `/workspaces/LogiFlow/dataconnect`\n"}}
[debug] [2026-09-02T22:10:41.089Z] E0902 22:10:41.089145    1266 watch.go:40] Failed to load config from "/workspaces/LogiFlow/dataconnect": could not find dataconnect.yaml in `/workspaces/LogiFlow/dataconnect`
 {"metadata":{"emulator":{"name":"dataconnect"},"message":"E0902 22:10:41.089145    1266 watch.go:40] Failed to load config from \"/workspaces/LogiFlow/dataconnect\": could not find dataconnect.yaml in `/workspaces/LogiFlow/dataconnect`\n"}}
[debug] [2026-09-02T22:10:51.098Z] E0902 22:10:51.098235    1266 watch.go:40] Failed to load config from "/workspaces/LogiFlow/dataconnect": could not find dataconnect.yaml in `/workspaces/LogiFlow/dataconnect`
 {"metadata":{"emulator":{"name":"dataconnect"},"message":"E0902 22:10:51.098235    1266 watch.go:40] Failed to load config from \"/workspaces/LogiFlow/dataconnect\": could not find dataconnect.yaml in `/workspaces/LogiFlow/dataconnect`\n"}}
[debug] [2026-09-02T22:11:01.089Z] E0902 22:11:01.089601    1266 watch.go:40] Failed to load config from "/workspaces/LogiFlow/dataconnect": could not find dataconnect.yaml in `/workspaces/LogiFlow/dataconnect`
E0902 22:11:01.089577    1266 watch.go:116] watchAllDir unable to walk dir `/workspaces/LogiFlow/dataconnect`: lstat /workspaces/LogiFlow/dataconnect: no such file or directory
 {"metadata":{"emulator":{"name":"dataconnect"},"message":"E0902 22:11:01.089601    1266 watch.go:40] Failed to load config from \"/workspaces/LogiFlow/dataconnect\": could not find dataconnect.yaml in `/workspaces/LogiFlow/dataconnect`\nE0902 22:11:01.089577    1266 watch.go:116] watchAllDir unable to walk dir `/workspaces/LogiFlow/dataconnect`: lstat /workspaces/LogiFlow/dataconnect: no such file or directory\n"}}
[debug] [2026-09-02T22:11:11.099Z] E0902 22:11:11.098803    1266 watch.go:40] Failed to load config from "/workspaces/LogiFlow/dataconnect": could not find dataconnect.yaml in `/workspaces/LogiFlow/dataconnect`
 {"metadata":{"emulator":{"name":"dataconnect"},"message":"E0902 22:11:11.098803    1266 watch.go:40] Failed to load config from \"/workspaces/LogiFlow/dataconnect\": could not find dataconnect.yaml in `/workspaces/LogiFlow/dataconnect`\n"}}
[debug] [2026-09-02T22:11:21.093Z] E0902 22:11:21.093021    1266 watch.go:40] Failed to load config from "/workspaces/LogiFlow/dataconnect": could not find dataconnect.yaml in `/workspaces/LogiFlow/dataconnect`
 {"metadata":{"emulator":{"name":"dataconnect"},"message":"E0902 22:11:21.093021    1266 watch.go:40] Failed to load config from \"/workspaces/LogiFlow/dataconnect\": could not find dataconnect.yaml in `/workspaces/LogiFlow/dataconnect`\n"}}
[debug] [2026-09-02T22:11:31.089Z] E0902 22:11:31.089383    1266 watch.go:40] Failed to load config from "/workspaces/LogiFlow/dataconnect": could not find dataconnect.yaml in `/workspaces/LogiFlow/dataconnect`
 {"metadata":{"emulator":{"name":"dataconnect"},"message":"E0902 22:11:31.089383    1266 watch.go:40] Failed to load config from \"/workspaces/LogiFlow/dataconnect\": could not find dataconnect.yaml in `/workspaces/LogiFlow/dataconnect`\n"}}
[debug] [2026-09-02T22:11:41.097Z] E0902 22:11:41.097534    1266 watch.go:40] Failed to load config from "/workspaces/LogiFlow/dataconnect": could not find dataconnect.yaml in `/workspaces/LogiFlow/dataconnect`
 {"metadata":{"emulator":{"name":"dataconnect"},"message":"E0902 22:11:41.097534    1266 watch.go:40] Failed to load config from \"/workspaces/LogiFlow/dataconnect\": could not find dataconnect.yaml in `/workspaces/LogiFlow/dataconnect`\n"}}
[debug] [2026-09-02T22:11:51.098Z] E0902 22:11:51.098522    1266 watch.go:40] Failed to load config from "/workspaces/LogiFlow/dataconnect": could not find dataconnect.yaml in `/workspaces/LogiFlow/dataconnect`
 {"metadata":{"emulator":{"name":"dataconnect"},"message":"E0902 22:11:51.098522    1266 watch.go:40] Failed to load config from \"/workspaces/LogiFlow/dataconnect\": could not find dataconnect.yaml in `/workspaces/LogiFlow/dataconnect`\n"}}
[debug] [2026-09-02T22:12:01.089Z] E0902 22:12:01.089348    1266 watch.go:116] watchAllDir unable to walk dir `/workspaces/LogiFlow/dataconnect`: lstat /workspaces/LogiFlow/dataconnect: no such file or directory
E0902 22:12:01.089416    1266 watch.go:40] Failed to load config from "/workspaces/LogiFlow/dataconnect": could not find dataconnect.yaml in `/workspaces/LogiFlow/dataconnect`
 {"metadata":{"emulator":{"name":"dataconnect"},"message":"E0902 22:12:01.089348    1266 watch.go:116] watchAllDir unable to walk dir `/workspaces/LogiFlow/dataconnect`: lstat /workspaces/LogiFlow/dataconnect: no such file or directory\nE0902 22:12:01.089416    1266 watch.go:40] Failed to load config from \"/workspaces/LogiFlow/dataconnect\": could not find dataconnect.yaml in `/workspaces/LogiFlow/dataconnect`\n"}}
[debug] [2026-09-02T22:12:11.089Z] E0902 22:12:11.089187    1266 watch.go:40] Failed to load config from "/workspaces/LogiFlow/dataconnect": could not find dataconnect.yaml in `/workspaces/LogiFlow/dataconnect`
 {"metadata":{"emulator":{"name":"dataconnect"},"message":"E0902 22:12:11.089187    1266 watch.go:40] Failed to load config from \"/workspaces/LogiFlow/dataconnect\": could not find dataconnect.yaml in `/workspaces/LogiFlow/dataconnect`\n"}}
[debug] [2026-09-02T22:12:21.098Z] E0902 22:12:21.098301    1266 watch.go:40] Failed to load config from "/workspaces/LogiFlow/dataconnect": could not find dataconnect.yaml in `/workspaces/LogiFlow/dataconnect`
 {"metadata":{"emulator":{"name":"dataconnect"},"message":"E0902 22:12:21.098301    1266 watch.go:40] Failed to load config from \"/workspaces/LogiFlow/dataconnect\": could not find dataconnect.yaml in `/workspaces/LogiFlow/dataconnect`\n"}}
[debug] [2026-09-02T22:12:31.089Z] E0902 22:12:31.089308    1266 watch.go:40] Failed to load config from "/workspaces/LogiFlow/dataconnect": could not find dataconnect.yaml in `/workspaces/LogiFlow/dataconnect`
 {"metadata":{"emulator":{"name":"dataconnect"},"message":"E0902 22:12:31.089308    1266 watch.go:40] Failed to load config from \"/workspaces/LogiFlow/dataconnect\": could not find dataconnect.yaml in `/workspaces/LogiFlow/dataconnect`\n"}}
[debug] [2026-09-02T22:12:41.089Z] E0902 22:12:41.089174    1266 watch.go:40] Failed to load config from "/workspaces/LogiFlow/dataconnect": could not find dataconnect.yaml in `/workspaces/LogiFlow/dataconnect`
 {"metadata":{"emulator":{"name":"dataconnect"},"message":"E0902 22:12:41.089174    1266 watch.go:40] Failed to load config from \"/workspaces/LogiFlow/dataconnect\": could not find dataconnect.yaml in `/workspaces/LogiFlow/dataconnect`\n"}}
[debug] [2026-09-02T22:12:51.098Z] E0902 22:12:51.098570    1266 watch.go:40] Failed to load config from "/workspaces/LogiFlow/dataconnect": could not find dataconnect.yaml in `/workspaces/LogiFlow/dataconnect`
 {"metadata":{"emulator":{"name":"dataconnect"},"message":"E0902 22:12:51.098570    1266 watch.go:40] Failed to load config from \"/workspaces/LogiFlow/dataconnect\": could not find dataconnect.yaml in `/workspaces/LogiFlow/dataconnect`\n"}}
[debug] [2026-09-02T22:13:01.089Z] E0902 22:13:01.089772    1266 watch.go:116] watchAllDir unable to walk dir `/workspaces/LogiFlow/dataconnect`: lstat /workspaces/LogiFlow/dataconnect: no such file or directory
E0902 22:13:01.089848    1266 watch.go:40] Failed to load config from "/workspaces/LogiFlow/dataconnect": could not find dataconnect.yaml in `/workspaces/LogiFlow/dataconnect`
 {"metadata":{"emulator":{"name":"dataconnect"},"message":"E0902 22:13:01.089772    1266 watch.go:116] watchAllDir unable to walk dir `/workspaces/LogiFlow/dataconnect`: lstat /workspaces/LogiFlow/dataconnect: no such file or directory\nE0902 22:13:01.089848    1266 watch.go:40] Failed to load config from \"/workspaces/LogiFlow/dataconnect\": could not find dataconnect.yaml in `/workspaces/LogiFlow/dataconnect`\n"}}
[debug] [2026-09-02T22:13:11.089Z] E0902 22:13:11.089168    1266 watch.go:40] Failed to load config from "/workspaces/LogiFlow/dataconnect": could not find dataconnect.yaml in `/workspaces/LogiFlow/dataconnect`
 {"metadata":{"emulator":{"name":"dataconnect"},"message":"E0902 22:13:11.089168    1266 watch.go:40] Failed to load config from \"/workspaces/LogiFlow/dataconnect\": could not find dataconnect.yaml in `/workspaces/LogiFlow/dataconnect`\n"}}
[debug] [2026-09-02T22:13:21.089Z] E0902 22:13:21.089588    1266 watch.go:40] Failed to load config from "/workspaces/LogiFlow/dataconnect": could not find dataconnect.yaml in `/workspaces/LogiFlow/dataconnect`
 {"metadata":{"emulator":{"name":"dataconnect"},"message":"E0902 22:13:21.089588    1266 watch.go:40] Failed to load config from \"/workspaces/LogiFlow/dataconnect\": could not find dataconnect.yaml in `/workspaces/LogiFlow/dataconnect`\n"}}
[debug] [2026-09-02T22:13:31.089Z] E0902 22:13:31.089086    1266 watch.go:40] Failed to load config from "/workspaces/LogiFlow/dataconnect": could not find dataconnect.yaml in `/workspaces/LogiFlow/dataconnect`
 {"metadata":{"emulator":{"name":"dataconnect"},"message":"E0902 22:13:31.089086    1266 watch.go:40] Failed to load config from \"/workspaces/LogiFlow/dataconnect\": could not find dataconnect.yaml in `/workspaces/LogiFlow/dataconnect`\n"}}
[debug] [2026-09-02T22:13:41.098Z] E0902 22:13:41.098170    1266 watch.go:40] Failed to load config from "/workspaces/LogiFlow/dataconnect": could not find dataconnect.yaml in `/workspaces/LogiFlow/dataconnect`
 {"metadata":{"emulator":{"name":"dataconnect"},"message":"E0902 22:13:41.098170    1266 watch.go:40] Failed to load config from \"/workspaces/LogiFlow/dataconnect\": could not find dataconnect.yaml in `/workspaces/LogiFlow/dataconnect`\n"}}
[debug] [2026-09-02T22:13:51.165Z] E0902 22:13:51.097536    1266 watch.go:40] Failed to load config from "/workspaces/LogiFlow/dataconnect": could not find dataconnect.yaml in `/workspaces/LogiFlow/dataconnect`
 {"metadata":{"emulator":{"name":"dataconnect"},"message":"E0902 22:13:51.097536    1266 watch.go:40] Failed to load config from \"/workspaces/LogiFlow/dataconnect\": could not find dataconnect.yaml in `/workspaces/LogiFlow/dataconnect`\n"}}
[debug] [2026-09-02T22:14:01.089Z] E0902 22:14:01.089741    1266 watch.go:116] watchAllDir unable to walk dir `/workspaces/LogiFlow/dataconnect`: lstat /workspaces/LogiFlow/dataconnect: no such file or directory
E0902 22:14:01.089806    1266 watch.go:40] Failed to load config from "/workspaces/LogiFlow/dataconnect": could not find dataconnect.yaml in `/workspaces/LogiFlow/dataconnect`
 {"metadata":{"emulator":{"name":"dataconnect"},"message":"E0902 22:14:01.089741    1266 watch.go:116] watchAllDir unable to walk dir `/workspaces/LogiFlow/dataconnect`: lstat /workspaces/LogiFlow/dataconnect: no such file or directory\nE0902 22:14:01.089806    1266 watch.go:40] Failed to load config from \"/workspaces/LogiFlow/dataconnect\": could not find dataconnect.yaml in `/workspaces/LogiFlow/dataconnect`\n"}}
[debug] [2026-09-02T22:14:11.099Z] E0902 22:14:11.098941    1266 watch.go:40] Failed to load config from "/workspaces/LogiFlow/dataconnect": could not find dataconnect.yaml in `/workspaces/LogiFlow/dataconnect`
 {"metadata":{"emulator":{"name":"dataconnect"},"message":"E0902 22:14:11.098941    1266 watch.go:40] Failed to load config from \"/workspaces/LogiFlow/dataconnect\": could not find dataconnect.yaml in `/workspaces/LogiFlow/dataconnect`\n"}}
[debug] [2026-09-02T22:14:21.099Z] E0902 22:14:21.098849    1266 watch.go:40] Failed to load config from "/workspaces/LogiFlow/dataconnect": could not find dataconnect.yaml in `/workspaces/LogiFlow/dataconnect`
 {"metadata":{"emulator":{"name":"dataconnect"},"message":"E0902 22:14:21.098849    1266 watch.go:40] Failed to load config from \"/workspaces/LogiFlow/dataconnect\": could not find dataconnect.yaml in `/workspaces/LogiFlow/dataconnect`\n"}}
[debug] [2026-09-02T22:14:31.089Z] E0902 22:14:31.089800    1266 watch.go:40] Failed to load config from "/workspaces/LogiFlow/dataconnect": could not find dataconnect.yaml in `/workspaces/LogiFlow/dataconnect`
 {"metadata":{"emulator":{"name":"dataconnect"},"message":"E0902 22:14:31.089800    1266 watch.go:40] Failed to load config from \"/workspaces/LogiFlow/dataconnect\": could not find dataconnect.yaml in `/workspaces/LogiFlow/dataconnect`\n"}}
[debug] [2026-09-02T22:14:41.089Z] E0902 22:14:41.089197    1266 watch.go:40] Failed to load config from "/workspaces/LogiFlow/dataconnect": could not find dataconnect.yaml in `/workspaces/LogiFlow/dataconnect`
 {"metadata":{"emulator":{"name":"dataconnect"},"message":"E0902 22:14:41.089197    1266 watch.go:40] Failed to load config from \"/workspaces/LogiFlow/dataconnect\": could not find dataconnect.yaml in `/workspaces/LogiFlow/dataconnect`\n"}}
[debug] [2026-09-02T22:14:51.089Z] E0902 22:14:51.089217    1266 watch.go:40] Failed to load config from "/workspaces/LogiFlow/dataconnect": could not find dataconnect.yaml in `/workspaces/LogiFlow/dataconnect`
 {"metadata":{"emulator":{"name":"dataconnect"},"message":"E0902 22:14:51.089217    1266 watch.go:40] Failed to load config from \"/workspaces/LogiFlow/dataconnect\": could not find dataconnect.yaml in `/workspaces/LogiFlow/dataconnect`\n"}}
[debug] [2026-09-02T22:15:01.089Z] E0902 22:15:01.089692    1266 watch.go:116] watchAllDir unable to walk dir `/workspaces/LogiFlow/dataconnect`: lstat /workspaces/LogiFlow/dataconnect: no such file or directory
E0902 22:15:01.089770    1266 watch.go:40] Failed to load config from "/workspaces/LogiFlow/dataconnect": could not find dataconnect.yaml in `/workspaces/LogiFlow/dataconnect`
 {"metadata":{"emulator":{"name":"dataconnect"},"message":"E0902 22:15:01.089692    1266 watch.go:116] watchAllDir unable to walk dir `/workspaces/LogiFlow/dataconnect`: lstat /workspaces/LogiFlow/dataconnect: no such file or directory\nE0902 22:15:01.089770    1266 watch.go:40] Failed to load config from \"/workspaces/LogiFlow/dataconnect\": could not find dataconnect.yaml in `/workspaces/LogiFlow/dataconnect`\n"}}
[debug] [2026-09-02T22:15:11.098Z] E0902 22:15:11.098522    1266 watch.go:40] Failed to load config from "/workspaces/LogiFlow/dataconnect": could not find dataconnect.yaml in `/workspaces/LogiFlow/dataconnect`
 {"metadata":{"emulator":{"name":"dataconnect"},"message":"E0902 22:15:11.098522    1266 watch.go:40] Failed to load config from \"/workspaces/LogiFlow/dataconnect\": could not find dataconnect.yaml in `/workspaces/LogiFlow/dataconnect`\n"}}
[debug] [2026-09-02T22:15:21.098Z] E0902 22:15:21.098705    1266 watch.go:40] Failed to load config from "/workspaces/LogiFlow/dataconnect": could not find dataconnect.yaml in `/workspaces/LogiFlow/dataconnect`
 {"metadata":{"emulator":{"name":"dataconnect"},"message":"E0902 22:15:21.098705    1266 watch.go:40] Failed to load config from \"/workspaces/LogiFlow/dataconnect\": could not find dataconnect.yaml in `/workspaces/LogiFlow/dataconnect`\n"}}
[debug] [2026-09-02T22:15:31.090Z] E0902 22:15:31.089954    1266 watch.go:40] Failed to load config from "/workspaces/LogiFlow/dataconnect": could not find dataconnect.yaml in `/workspaces/LogiFlow/dataconnect`
 {"metadata":{"emulator":{"name":"dataconnect"},"message":"E0902 22:15:31.089954    1266 watch.go:40] Failed to load config from \"/workspaces/LogiFlow/dataconnect\": could not find dataconnect.yaml in `/workspaces/LogiFlow/dataconnect`\n"}}
[debug] [2026-09-02T22:15:41.099Z] E0902 22:15:41.099091    1266 watch.go:40] Failed to load config from "/workspaces/LogiFlow/dataconnect": could not find dataconnect.yaml in `/workspaces/LogiFlow/dataconnect`
 {"metadata":{"emulator":{"name":"dataconnect"},"message":"E0902 22:15:41.099091    1266 watch.go:40] Failed to load config from \"/workspaces/LogiFlow/dataconnect\": could not find dataconnect.yaml in `/workspaces/LogiFlow/dataconnect`\n"}}
[debug] [2026-09-02T22:15:51.089Z] E0902 22:15:51.089167    1266 watch.go:40] Failed to load config from "/workspaces/LogiFlow/dataconnect": could not find dataconnect.yaml in `/workspaces/LogiFlow/dataconnect`
 {"metadata":{"emulator":{"name":"dataconnect"},"message":"E0902 22:15:51.089167    1266 watch.go:40] Failed to load config from \"/workspaces/LogiFlow/dataconnect\": could not find dataconnect.yaml in `/workspaces/LogiFlow/dataconnect`\n"}}
[debug] [2026-09-02T22:16:01.089Z] E0902 22:16:01.089707    1266 watch.go:116] watchAllDir unable to walk dir `/workspaces/LogiFlow/dataconnect`: lstat /workspaces/LogiFlow/dataconnect: no such file or directory
E0902 22:16:01.089744    1266 watch.go:40] Failed to load config from "/workspaces/LogiFlow/dataconnect": could not find dataconnect.yaml in `/workspaces/LogiFlow/dataconnect`
 {"metadata":{"emulator":{"name":"dataconnect"},"message":"E0902 22:16:01.089707    1266 watch.go:116] watchAllDir unable to walk dir `/workspaces/LogiFlow/dataconnect`: lstat /workspaces/LogiFlow/dataconnect: no such file or directory\nE0902 22:16:01.089744    1266 watch.go:40] Failed to load config from \"/workspaces/LogiFlow/dataconnect\": could not find dataconnect.yaml in `/workspaces/LogiFlow/dataconnect`\n"}}
[debug] [2026-09-02T22:16:11.099Z] E0902 22:16:11.098823    1266 watch.go:40] Failed to load config from "/workspaces/LogiFlow/dataconnect": could not find dataconnect.yaml in `/workspaces/LogiFlow/dataconnect`
 {"metadata":{"emulator":{"name":"dataconnect"},"message":"E0902 22:16:11.098823    1266 watch.go:40] Failed to load config from \"/workspaces/LogiFlow/dataconnect\": could not find dataconnect.yaml in `/workspaces/LogiFlow/dataconnect`\n"}}
[debug] [2026-09-02T22:16:21.089Z] E0902 22:16:21.089560    1266 watch.go:40] Failed to load config from "/workspaces/LogiFlow/dataconnect": could not find dataconnect.yaml in `/workspaces/LogiFlow/dataconnect`
 {"metadata":{"emulator":{"name":"dataconnect"},"message":"E0902 22:16:21.089560    1266 watch.go:40] Failed to load config from \"/workspaces/LogiFlow/dataconnect\": could not find dataconnect.yaml in `/workspaces/LogiFlow/dataconnect`\n"}}
[debug] [2026-09-02T22:16:31.090Z] E0902 22:16:31.089883    1266 watch.go:40] Failed to load config from "/workspaces/LogiFlow/dataconnect": could not find dataconnect.yaml in `/workspaces/LogiFlow/dataconnect`
 {"metadata":{"emulator":{"name":"dataconnect"},"message":"E0902 22:16:31.089883    1266 watch.go:40] Failed to load config from \"/workspaces/LogiFlow/dataconnect\": could not find dataconnect.yaml in `/workspaces/LogiFlow/dataconnect`\n"}}
[debug] [2026-09-02T22:16:41.099Z] E0902 22:16:41.098935    1266 watch.go:40] Failed to load config from "/workspaces/LogiFlow/dataconnect": could not find dataconnect.yaml in `/workspaces/LogiFlow/dataconnect`
 {"metadata":{"emulator":{"name":"dataconnect"},"message":"E0902 22:16:41.098935    1266 watch.go:40] Failed to load config from \"/workspaces/LogiFlow/dataconnect\": could not find dataconnect.yaml in `/workspaces/LogiFlow/dataconnect`\n"}}
[debug] [2026-09-02T22:16:51.089Z] E0902 22:16:51.089418    1266 watch.go:40] Failed to load config from "/workspaces/LogiFlow/dataconnect": could not find dataconnect.yaml in `/workspaces/LogiFlow/dataconnect`
 {"metadata":{"emulator":{"name":"dataconnect"},"message":"E0902 22:16:51.089418    1266 watch.go:40] Failed to load config from \"/workspaces/LogiFlow/dataconnect\": could not find dataconnect.yaml in `/workspaces/LogiFlow/dataconnect`\n"}}
[debug] [2026-09-02T22:17:01.089Z] E0902 22:17:01.089089    1266 watch.go:116] watchAllDir unable to walk dir `/workspaces/LogiFlow/dataconnect`: lstat /workspaces/LogiFlow/dataconnect: no such file or directory
E0902 22:17:01.089207    1266 watch.go:40] Failed to load config from "/workspaces/LogiFlow/dataconnect": could not find dataconnect.yaml in `/workspaces/LogiFlow/dataconnect`
 {"metadata":{"emulator":{"name":"dataconnect"},"message":"E0902 22:17:01.089089    1266 watch.go:116] watchAllDir unable to walk dir `/workspaces/LogiFlow/dataconnect`: lstat /workspaces/LogiFlow/dataconnect: no such file or directory\nE0902 22:17:01.089207    1266 watch.go:40] Failed to load config from \"/workspaces/LogiFlow/dataconnect\": could not find dataconnect.yaml in `/workspaces/LogiFlow/dataconnect`\n"}}
[debug] [2026-09-02T22:17:11.098Z] E0902 22:17:11.098279    1266 watch.go:40] Failed to load config from "/workspaces/LogiFlow/dataconnect": could not find dataconnect.yaml in `/workspaces/LogiFlow/dataconnect`
 {"metadata":{"emulator":{"name":"dataconnect"},"message":"E0902 22:17:11.098279    1266 watch.go:40] Failed to load config from \"/workspaces/LogiFlow/dataconnect\": could not find dataconnect.yaml in `/workspaces/LogiFlow/dataconnect`\n"}}
[debug] [2026-09-02T22:17:21.090Z] E0902 22:17:21.090500    1266 watch.go:40] Failed to load config from "/workspaces/LogiFlow/dataconnect": could not find dataconnect.yaml in `/workspaces/LogiFlow/dataconnect`
 {"metadata":{"emulator":{"name":"dataconnect"},"message":"E0902 22:17:21.090500    1266 watch.go:40] Failed to load config from \"/workspaces/LogiFlow/dataconnect\": could not find dataconnect.yaml in `/workspaces/LogiFlow/dataconnect`\n"}}
[debug] [2026-09-02T22:17:31.090Z] E0902 22:17:31.089785    1266 watch.go:40] Failed to load config from "/workspaces/LogiFlow/dataconnect": could not find dataconnect.yaml in `/workspaces/LogiFlow/dataconnect`
 {"metadata":{"emulator":{"name":"dataconnect"},"message":"E0902 22:17:31.089785    1266 watch.go:40] Failed to load config from \"/workspaces/LogiFlow/dataconnect\": could not find dataconnect.yaml in `/workspaces/LogiFlow/dataconnect`\n"}}
